1,0.7,0.585344827586207,0.95546480898001,0.037037657271942165,1,0.7184210526315788,0.5767241379310345,1.0418494287110738,0.10634471288976736,1,0.7368421052631579,0.5597701149425287,1.0059217739021715,0.06108938910584598,1,0.743421052631579,0.5683908045977011,1.04787271231659,0.09919254950799863,1,0.6671052631578948,0.5991228070175438,1.2408047549812673,0.046343915665581235,1,0.6833333333333333,0.5767241379310345,1.0939194748106635,0.1320443792983161,1,0.6666666666666666,0.5770114942528736,1.5992106797463956,0.15696032180213756,1,0.6833333333333333,0.5782039845376152,1.7307144703366308,0.10463650295494714,1,0.6833333333333333,0.5677966101694916,1.5701112023161834,0.7955182916730545,1,0.506340579710145,0.9135041113219482,1.7294880526937306,4.195906833729953,1,0.5869565217391304,0.9179894179894179,0.9391069136003727,3.7386664395468165,0
1,0.7184210526315788,0.5767241379310345,1.0418494287110738,0.10634471288976736,1,0.7368421052631579,0.5597701149425287,1.0059217739021715,0.06108938910584598,1,0.743421052631579,0.5683908045977011,1.04787271231659,0.09919254950799863,1,0.6671052631578948,0.5991228070175438,1.2408047549812673,0.046343915665581235,1,0.6833333333333333,0.5767241379310345,1.0939194748106635,0.1320443792983161,1,0.6666666666666666,0.5770114942528736,1.5992106797463956,0.15696032180213756,1,0.6833333333333333,0.5782039845376152,1.7307144703366308,0.10463650295494714,1,0.6833333333333333,0.5677966101694916,1.5701112023161834,0.7955182916730545,1,0.506340579710145,0.9135041113219482,1.7294880526937306,4.195906833729953,1,0.5869565217391304,0.9179894179894179,0.9391069136003727,3.7386664395468165,1,1.0,0.49448051948051946,-1.0915442825316126,1.358532901172768,1
1,0.7368421052631579,0.5597701149425287,1.0059217739021715,0.06108938910584598,1,0.743421052631579,0.5683908045977011,1.04787271231659,0.09919254950799863,1,0.6671052631578948,0.5991228070175438,1.2408047549812673,0.046343915665581235,1,0.6833333333333333,0.5767241379310345,1.0939194748106635,0.1320443792983161,1,0.6666666666666666,0.5770114942528736,1.5992106797463956,0.15696032180213756,1,0.6833333333333333,0.5782039845376152,1.7307144703366308,0.10463650295494714,1,0.6833333333333333,0.5677966101694916,1.5701112023161834,0.7955182916730545,1,0.506340579710145,0.9135041113219482,1.7294880526937306,4.195906833729953,1,0.5869565217391304,0.9179894179894179,0.9391069136003727,3.7386664395468165,1,1.0,0.49448051948051946,-1.0915442825316126,1.358532901172768,1,0.9230769230769231,0.4328037073816617,-1.9603476056821922,-0.8936346610920562,1
1,0.743421052631579,0.5683908045977011,1.04787271231659,0.09919254950799863,1,0.6671052631578948,0.5991228070175438,1.2408047549812673,0.046343915665581235,1,0.6833333333333333,0.5767241379310345,1.0939194748106635,0.1320443792983161,1,0.6666666666666666,0.5770114942528736,1.5992106797463956,0.15696032180213756,1,0.6833333333333333,0.5782039845376152,1.7307144703366308,0.10463650295494714,1,0.6833333333333333,0.5677966101694916,1.5701112023161834,0.7955182916730545,1,0.506340579710145,0.9135041113219482,1.7294880526937306,4.195906833729953,1,0.5869565217391304,0.9179894179894179,0.9391069136003727,3.7386664395468165,1,1.0,0.49448051948051946,-1.0915442825316126,1.358532901172768,1,0.9230769230769231,0.4328037073816617,-1.9603476056821922,-0.8936346610920562,1,0.9285714285714286,0.40083574413371903,-2.609687902649706,-2.395348557103038,1
1,0.6671052631578948,0.5991228070175438,1.2408047549812673,0.046343915665581235,1,0.6833333333333333,0.5767241379310345,1.0939194748106635,0.1320443792983161,1,0.6666666666666666,0.5770114942528736,1.5992106797463956,0.15696032180213756,1,0.6833333333333333,0.5782039845376152,1.7307144703366308,0.10463650295494714,1,0.6833333333333333,0.5677966101694916,1.5701112023161834,0.7955182916730545,1,0.506340579710145,0.9135041113219482,1.7294880526937306,4.195906833729953,1,0.5869565217391304,0.9179894179894179,0.9391069136003727,3.7386664395468165,1,1.0,0.49448051948051946,-1.0915442825316126,1.358532901172768,1,0.9230769230769231,0.4328037073816617,-1.9603476056821922,-0.8936346610920562,1,0.9285714285714286,0.40083574413371903,-2.609687902649706,-2.395348557103038,1,0.7904761904761906,0.3900226757369615,-2.1250355032160613,-3.485054636424262,1
1,0.6833333333333333,0.5767241379310345,1.0939194748106635,0.1320443792983161,1,0.6666666666666666,0.5770114942528736,1.5992106797463956,0.15696032180213756,1,0.6833333333333333,0.5782039845376152,1.7307144703366308,0.10463650295494714,1,0.6833333333333333,0.5677966101694916,1.5701112023161834,0.7955182916730545,1,0.506340579710145,0.9135041113219482,1.7294880526937306,4.195906833729953,1,0.5869565217391304,0.9179894179894179,0.9391069136003727,3.7386664395468165,1,1.0,0.49448051948051946,-1.0915442825316126,1.358532901172768,1,0.9230769230769231,0.4328037073816617,-1.9603476056821922,-0.8936346610920562,1,0.9285714285714286,0.40083574413371903,-2.609687902649706,-2.395348557103038,1,0.7904761904761906,0.3900226757369615,-2.1250355032160613,-3.485054636424262,1,0.65,0.6031746031746031,-0.9250918362905489,-2.292927836817899,1
1,0.6666666666666666,0.5770114942528736,1.5992106797463956,0.15696032180213756,1,0.6833333333333333,0.5782039845376152,1.7307144703366308,0.10463650295494714,1,0.6833333333333333,0.5677966101694916,1.5701112023161834,0.7955182916730545,1,0.506340579710145,0.9135041113219482,1.7294880526937306,4.195906833729953,1,0.5869565217391304,0.9179894179894179,0.9391069136003727,3.7386664395468165,1,1.0,0.49448051948051946,-1.0915442825316126,1.358532901172768,1,0.9230769230769231,0.4328037073816617,-1.9603476056821922,-0.8936346610920562,1,0.9285714285714286,0.40083574413371903,-2.609687902649706,-2.395348557103038,1,0.7904761904761906,0.3900226757369615,-2.1250355032160613,-3.485054636424262,1,0.65,0.6031746031746031,-0.9250918362905489,-2.292927836817899,1,0.6921052631578948,0.5913978494623655,-1.626131996370133,-1.9519528265727288,1
1,0.6833333333333333,0.5782039845376152,1.7307144703366308,0.10463650295494714,1,0.6833333333333333,0.5677966101694916,1.5701112023161834,0.7955182916730545,1,0.506340579710145,0.9135041113219482,1.7294880526937306,4.195906833729953,1,0.5869565217391304,0.9179894179894179,0.9391069136003727,3.7386664395468165,1,1.0,0.49448051948051946,-1.0915442825316126,1.358532901172768,1,0.9230769230769231,0.4328037073816617,-1.9603476056821922,-0.8936346610920562,1,0.9285714285714286,0.40083574413371903,-2.609687902649706,-2.395348557103038,1,0.7904761904761906,0.3900226757369615,-2.1250355032160613,-3.485054636424262,1,0.65,0.6031746031746031,-0.9250918362905489,-2.292927836817899,1,0.6921052631578948,0.5913978494623655,-1.626131996370133,-1.9519528265727288,1,0.8472222222222222,0.524954351795496,-1.7046969583854705,-2.2616774993013573,1
1,0.6833333333333333,0.5677966101694916,1.5701112023161834,0.7955182916730545,1,0.506340579710145,0.9135041113219482,1.7294880526937306,4.195906833729953,1,0.5869565217391304,0.9179894179894179,0.9391069136003727,3.7386664395468165,1,1.0,0.49448051948051946,-1.0915442825316126,1.358532901172768,1,0.9230769230769231,0.4328037073816617,-1.9603476056821922,-0.8936346610920562,1,0.9285714285714286,0.40083574413371903,-2.609687902649706,-2.395348557103038,1,0.7904761904761906,0.3900226757369615,-2.1250355032160613,-3.485054636424262,1,0.65,0.6031746031746031,-0.9250918362905489,-2.292927836817899,1,0.6921052631578948,0.5913978494623655,-1.626131996370133,-1.9519528265727288,1,0.8472222222222222,0.524954351795496,-1.7046969583854705,-2.2616774993013573,1,0.6934210526315789,0.5202991452991452,-1.225261648154935,-2.6040889736058666,1
1,0.506340579710145,0.9135041113219482,1.7294880526937306,4.195906833729953,1,0.5869565217391304,0.9179894179894179,0.9391069136003727,3.7386664395468165,1,1.0,0.49448051948051946,-1.0915442825316126,1.358532901172768,1,0.9230769230769231,0.4328037073816617,-1.9603476056821922,-0.8936346610920562,1,0.9285714285714286,0.40083574413371903,-2.609687902649706,-2.395348557103038,1,0.7904761904761906,0.3900226757369615,-2.1250355032160613,-3.485054636424262,1,0.65,0.6031746031746031,-0.9250918362905489,-2.292927836817899,1,0.6921052631578948,0.5913978494623655,-1.626131996370133,-1.9519528265727288,1,0.8472222222222222,0.524954351795496,-1.7046969583854705,-2.2616774993013573,1,0.6934210526315789,0.5202991452991452,-1.225261648154935,-2.6040889736058666,1,0.6842105263157894,0.6138337468982631,-1.7299090603037492,-2.9754318006018194,1
1,0.5869565217391304,0.9179894179894179,0.9391069136003727,3.7386664395468165,1,1.0,0.49448051948051946,-1.0915442825316126,1.358532901172768,1,0.9230769230769231,0.4328037073816617,-1.9603476056821922,-0.8936346610920562,1,0.9285714285714286,0.40083574413371903,-2.609687902649706,-2.395348557103038,1,0.7904761904761906,0.3900226757369615,-2.1250355032160613,-3.485054636424262,1,0.65,0.6031746031746031,-0.9250918362905489,-2.292927836817899,1,0.6921052631578948,0.5913978494623655,-1.626131996370133,-1.9519528265727288,1,0.8472222222222222,0.524954351795496,-1.7046969583854705,-2.2616774993013573,1,0.6934210526315789,0.5202991452991452,-1.225261648154935,-2.6040889736058666,1,0.6842105263157894,0.6138337468982631,-1.7299090603037492,-2.9754318006018194,1,0.75,0.5055675842870399,-1.670218539694324,-2.493667086377787,1
1,1.0,0.49448051948051946,-1.0915442825316126,1.358532901172768,1,0.9230769230769231,0.4328037073816617,-1.9603476056821922,-0.8936346610920562,1,0.9285714285714286,0.40083574413371903,-2.609687902649706,-2.395348557103038,1,0.7904761904761906,0.3900226757369615,-2.1250355032160613,-3.485054636424262,1,0.65,0.6031746031746031,-0.9250918362905489,-2.292927836817899,1,0.6921052631578948,0.5913978494623655,-1.626131996370133,-1.9519528265727288,1,0.8472222222222222,0.524954351795496,-1.7046969583854705,-2.2616774993013573,1,0.6934210526315789,0.5202991452991452,-1.225261648154935,-2.6040889736058666,1,0.6842105263157894,0.6138337468982631,-1.7299090603037492,-2.9754318006018194,1,0.75,0.5055675842870399,-1.670218539694324,-2.493667086377787,1,0.75,0.49658808933002485,-1.7577106180542947,-2.547844624176888,1
1,0.9230769230769231,0.4328037073816617,-1.9603476056821922,-0.8936346610920562,1,0.9285714285714286,0.40083574413371903,-2.609687902649706,-2.395348557103038,1,0.7904761904761906,0.3900226757369615,-2.1250355032160613,-3.485054636424262,1,0.65,0.6031746031746031,-0.9250918362905489,-2.292927836817899,1,0.6921052631578948,0.5913978494623655,-1.626131996370133,-1.9519528265727288,1,0.8472222222222222,0.524954351795496,-1.7046969583854705,-2.2616774993013573,1,0.6934210526315789,0.5202991452991452,-1.225261648154935,-2.6040889736058666,1,0.6842105263157894,0.6138337468982631,-1.7299090603037492,-2.9754318006018194,1,0.75,0.5055675842870399,-1.670218539694324,-2.493667086377787,1,0.75,0.49658808933002485,-1.7577106180542947,-2.547844624176888,1,0.7213622291021672,0.5289205072687906,-1.5080140981433683,-1.938930245330296,1
1,0.9285714285714286,0.40083574413371903,-2.609687902649706,-2.395348557103038,1,0.7904761904761906,0.3900226757369615,-2.1250355032160613,-3.485054636424262,1,0.65,0.6031746031746031,-0.9250918362905489,-2.292927836817899,1,0.6921052631578948,0.5913978494623655,-1.626131996370133,-1.9519528265727288,1,0.8472222222222222,0.524954351795496,-1.7046969583854705,-2.2616774993013573,1,0.6934210526315789,0.5202991452991452,-1.225261648154935,-2.6040889736058666,1,0.6842105263157894,0.6138337468982631,-1.7299090603037492,-2.9754318006018194,1,0.75,0.5055675842870399,-1.670218539694324,-2.493667086377787,1,0.75,0.49658808933002485,-1.7577106180542947,-2.547844624176888,1,0.7213622291021672,0.5289205072687906,-1.5080140981433683,-1.938930245330296,1,0.75,0.48915094339622645,-1.8167134906114704,-1.7741625269325558,1
1,0.7904761904761906,0.3900226757369615,-2.1250355032160613,-3.485054636424262,1,0.65,0.6031746031746031,-0.9250918362905489,-2.292927836817899,1,0.6921052631578948,0.5913978494623655,-1.626131996370133,-1.9519528265727288,1,0.8472222222222222,0.524954351795496,-1.7046969583854705,-2.2616774993013573,1,0.6934210526315789,0.5202991452991452,-1.225261648154935,-2.6040889736058666,1,0.6842105263157894,0.6138337468982631,-1.7299090603037492,-2.9754318006018194,1,0.75,0.5055675842870399,-1.670218539694324,-2.493667086377787,1,0.75,0.49658808933002485,-1.7577106180542947,-2.547844624176888,1,0.7213622291021672,0.5289205072687906,-1.5080140981433683,-1.938930245330296,1,0.75,0.48915094339622645,-1.8167134906114704,-1.7741625269325558,1,0.7418300653594772,0.5080188679245283,-2.052510001381528,-2.268645517685355,1
1,0.65,0.6031746031746031,-0.9250918362905489,-2.292927836817899,1,0.6921052631578948,0.5913978494623655,-1.626131996370133,-1.9519528265727288,1,0.8472222222222222,0.524954351795496,-1.7046969583854705,-2.2616774993013573,1,0.6934210526315789,0.5202991452991452,-1.225261648154935,-2.6040889736058666,1,0.6842105263157894,0.6138337468982631,-1.7299090603037492,-2.9754318006018194,1,0.75,0.5055675842870399,-1.670218539694324,-2.493667086377787,1,0.75,0.49658808933002485,-1.7577106180542947,-2.547844624176888,1,0.7213622291021672,0.5289205072687906,-1.5080140981433683,-1.938930245330296,1,0.75,0.48915094339622645,-1.8167134906114704,-1.7741625269325558,1,0.7418300653594772,0.5080188679245283,-2.052510001381528,-2.268645517685355,1,0.775,0.5765971316818774,-2.25826186738971,-1.9179950905657877,1
1,0.6921052631578948,0.5913978494623655,-1.626131996370133,-1.9519528265727288,1,0.8472222222222222,0.524954351795496,-1.7046969583854705,-2.2616774993013573,1,0.6934210526315789,0.5202991452991452,-1.225261648154935,-2.6040889736058666,1,0.6842105263157894,0.6138337468982631,-1.7299090603037492,-2.9754318006018194,1,0.75,0.5055675842870399,-1.670218539694324,-2.493667086377787,1,0.75,0.49658808933002485,-1.7577106180542947,-2.547844624176888,1,0.7213622291021672,0.5289205072687906,-1.5080140981433683,-1.938930245330296,1,0.75,0.48915094339622645,-1.8167134906114704,-1.7741625269325558,1,0.7418300653594772,0.5080188679245283,-2.052510001381528,-2.268645517685355,1,0.775,0.5765971316818774,-2.25826186738971,-1.9179950905657877,1,0.8020833333333333,0.37549019607843137,-2.696123068845065,-3.1815374795715723,1
1,0.8472222222222222,0.524954351795496,-1.7046969583854705,-2.2616774993013573,1,0.6934210526315789,0.5202991452991452,-1.225261648154935,-2.6040889736058666,1,0.6842105263157894,0.6138337468982631,-1.7299090603037492,-2.9754318006018194,1,0.75,0.5055675842870399,-1.670218539694324,-2.493667086377787,1,0.75,0.49658808933002485,-1.7577106180542947,-2.547844624176888,1,0.7213622291021672,0.5289205072687906,-1.5080140981433683,-1.938930245330296,1,0.75,0.48915094339622645,-1.8167134906114704,-1.7741625269325558,1,0.7418300653594772,0.5080188679245283,-2.052510001381528,-2.268645517685355,1,0.775,0.5765971316818774,-2.25826186738971,-1.9179950905657877,1,0.8020833333333333,0.37549019607843137,-2.696123068845065,-3.1815374795715723,1,0.8571428571428572,0.37083333333333335,-3.4365281556854756,-3.858813545212029,1
1,0.6934210526315789,0.5202991452991452,-1.225261648154935,-2.6040889736058666,1,0.6842105263157894,0.6138337468982631,-1.7299090603037492,-2.9754318006018194,1,0.75,0.5055675842870399,-1.670218539694324,-2.493667086377787,1,0.75,0.49658808933002485,-1.7577106180542947,-2.547844624176888,1,0.7213622291021672,0.5289205072687906,-1.5080140981433683,-1.938930245330296,1,0.75,0.48915094339622645,-1.8167134906114704,-1.7741625269325558,1,0.7418300653594772,0.5080188679245283,-2.052510001381528,-2.268645517685355,1,0.775,0.5765971316818774,-2.25826186738971,-1.9179950905657877,1,0.8020833333333333,0.37549019607843137,-2.696123068845065,-3.1815374795715723,1,0.8571428571428572,0.37083333333333335,-3.4365281556854756,-3.858813545212029,1,0.8666666666666667,0.3737829065993509,-2.7580477700586776,-3.607402145469557,1
1,0.6842105263157894,0.6138337468982631,-1.7299090603037492,-2.9754318006018194,1,0.75,0.5055675842870399,-1.670218539694324,-2.493667086377787,1,0.75,0.49658808933002485,-1.7577106180542947,-2.547844624176888,1,0.7213622291021672,0.5289205072687906,-1.5080140981433683,-1.938930245330296,1,0.75,0.48915094339622645,-1.8167134906114704,-1.7741625269325558,1,0.7418300653594772,0.5080188679245283,-2.052510001381528,-2.268645517685355,1,0.775,0.5765971316818774,-2.25826186738971,-1.9179950905657877,1,0.8020833333333333,0.37549019607843137,-2.696123068845065,-3.1815374795715723,1,0.8571428571428572,0.37083333333333335,-3.4365281556854756,-3.858813545212029,1,0.8666666666666667,0.3737829065993509,-2.7580477700586776,-3.607402145469557,1,0.7418300653594772,0.4895081967213115,-2.6803227443119093,-3.0928187048677236,1
1,0.75,0.5055675842870399,-1.670218539694324,-2.493667086377787,1,0.75,0.49658808933002485,-1.7577106180542947,-2.547844624176888,1,0.7213622291021672,0.5289205072687906,-1.5080140981433683,-1.938930245330296,1,0.75,0.48915094339622645,-1.8167134906114704,-1.7741625269325558,1,0.7418300653594772,0.5080188679245283,-2.052510001381528,-2.268645517685355,1,0.775,0.5765971316818774,-2.25826186738971,-1.9179950905657877,1,0.8020833333333333,0.37549019607843137,-2.696123068845065,-3.1815374795715723,1,0.8571428571428572,0.37083333333333335,-3.4365281556854756,-3.858813545212029,1,0.8666666666666667,0.3737829065993509,-2.7580477700586776,-3.607402145469557,1,0.7418300653594772,0.4895081967213115,-2.6803227443119093,-3.0928187048677236,1,0.84375,0.515,-2.6413369862000016,-3.121142933508878,1
1,0.75,0.49658808933002485,-1.7577106180542947,-2.547844624176888,1,0.7213622291021672,0.5289205072687906,-1.5080140981433683,-1.938930245330296,1,0.75,0.48915094339622645,-1.8167134906114704,-1.7741625269325558,1,0.7418300653594772,0.5080188679245283,-2.052510001381528,-2.268645517685355,1,0.775,0.5765971316818774,-2.25826186738971,-1.9179950905657877,1,0.8020833333333333,0.37549019607843137,-2.696123068845065,-3.1815374795715723,1,0.8571428571428572,0.37083333333333335,-3.4365281556854756,-3.858813545212029,1,0.8666666666666667,0.3737829065993509,-2.7580477700586776,-3.607402145469557,1,0.7418300653594772,0.4895081967213115,-2.6803227443119093,-3.0928187048677236,1,0.84375,0.515,-2.6413369862000016,-3.121142933508878,1,0.8333333333333334,0.425,-2.7020563738946937,-3.475386171140341,1
1,0.7213622291021672,0.5289205072687906,-1.5080140981433683,-1.938930245330296,1,0.75,0.48915094339622645,-1.8167134906114704,-1.7741625269325558,1,0.7418300653594772,0.5080188679245283,-2.052510001381528,-2.268645517685355,1,0.775,0.5765971316818774,-2.25826186738971,-1.9179950905657877,1,0.8020833333333333,0.37549019607843137,-2.696123068845065,-3.1815374795715723,1,0.8571428571428572,0.37083333333333335,-3.4365281556854756,-3.858813545212029,1,0.8666666666666667,0.3737829065993509,-2.7580477700586776,-3.607402145469557,1,0.7418300653594772,0.4895081967213115,-2.6803227443119093,-3.0928187048677236,1,0.84375,0.515,-2.6413369862000016,-3.121142933508878,1,0.8333333333333334,0.425,-2.7020563738946937,-3.475386171140341,1,0.7261029411764706,0.5561224489795918,-2.4725889357148643,-3.691501702958139,1
1,0.75,0.48915094339622645,-1.8167134906114704,-1.7741625269325558,1,0.7418300653594772,0.5080188679245283,-2.052510001381528,-2.268645517685355,1,0.775,0.5765971316818774,-2.25826186738971,-1.9179950905657877,1,0.8020833333333333,0.37549019607843137,-2.696123068845065,-3.1815374795715723,1,0.8571428571428572,0.37083333333333335,-3.4365281556854756,-3.858813545212029,1,0.8666666666666667,0.3737829065993509,-2.7580477700586776,-3.607402145469557,1,0.7418300653594772,0.4895081967213115,-2.6803227443119093,-3.0928187048677236,1,0.84375,0.515,-2.6413369862000016,-3.121142933508878,1,0.8333333333333334,0.425,-2.7020563738946937,-3.475386171140341,1,0.7261029411764706,0.5561224489795918,-2.4725889357148643,-3.691501702958139,1,0.7712418300653594,0.5418200066912011,-2.4808034100572867,-3.6509328915237336,1
1,0.7418300653594772,0.5080188679245283,-2.052510001381528,-2.268645517685355,1,0.775,0.5765971316818774,-2.25826186738971,-1.9179950905657877,1,0.8020833333333333,0.37549019607843137,-2.696123068845065,-3.1815374795715723,1,0.8571428571428572,0.37083333333333335,-3.4365281556854756,-3.858813545212029,1,0.8666666666666667,0.3737829065993509,-2.7580477700586776,-3.607402145469557,1,0.7418300653594772,0.4895081967213115,-2.6803227443119093,-3.0928187048677236,1,0.84375,0.515,-2.6413369862000016,-3.121142933508878,1,0.8333333333333334,0.425,-2.7020563738946937,-3.475386171140341,1,0.7261029411764706,0.5561224489795918,-2.4725889357148643,-3.691501702958139,1,0.7712418300653594,0.5418200066912011,-2.4808034100572867,-3.6509328915237336,1,0.7361111111111112,0.5336232853797256,-2.2917654266404037,-3.578574256528125,1
1,0.775,0.5765971316818774,-2.25826186738971,-1.9179950905657877,1,0.8020833333333333,0.37549019607843137,-2.696123068845065,-3.1815374795715723,1,0.8571428571428572,0.37083333333333335,-3.4365281556854756,-3.858813545212029,1,0.8666666666666667,0.3737829065993509,-2.7580477700586776,-3.607402145469557,1,0.7418300653594772,0.4895081967213115,-2.6803227443119093,-3.0928187048677236,1,0.84375,0.515,-2.6413369862000016,-3.121142933508878,1,0.8333333333333334,0.425,-2.7020563738946937,-3.475386171140341,1,0.7261029411764706,0.5561224489795918,-2.4725889357148643,-3.691501702958139,1,0.7712418300653594,0.5418200066912011,-2.4808034100572867,-3.6509328915237336,1,0.7361111111111112,0.5336232853797256,-2.2917654266404037,-3.578574256528125,1,0.7941176470588235,0.49079959852793575,-2.4593328616492793,-3.5733342630827396,1
1,0.8020833333333333,0.37549019607843137,-2.696123068845065,-3.1815374795715723,1,0.8571428571428572,0.37083333333333335,-3.4365281556854756,-3.858813545212029,1,0.8666666666666667,0.3737829065993509,-2.7580477700586776,-3.607402145469557,1,0.7418300653594772,0.4895081967213115,-2.6803227443119093,-3.0928187048677236,1,0.84375,0.515,-2.6413369862000016,-3.121142933508878,1,0.8333333333333334,0.425,-2.7020563738946937,-3.475386171140341,1,0.7261029411764706,0.5561224489795918,-2.4725889357148643,-3.691501702958139,1,0.7712418300653594,0.5418200066912011,-2.4808034100572867,-3.6509328915237336,1,0.7361111111111112,0.5336232853797256,-2.2917654266404037,-3.578574256528125,1,0.7941176470588235,0.49079959852793575,-2.4593328616492793,-3.5733342630827396,1,0.7573529411764706,0.484610237537638,-2.739220141849499,-3.7357705839400706,1
1,0.8571428571428572,0.37083333333333335,-3.4365281556854756,-3.858813545212029,1,0.8666666666666667,0.3737829065993509,-2.7580477700586776,-3.607402145469557,1,0.7418300653594772,0.4895081967213115,-2.6803227443119093,-3.0928187048677236,1,0.84375,0.515,-2.6413369862000016,-3.121142933508878,1,0.8333333333333334,0.425,-2.7020563738946937,-3.475386171140341,1,0.7261029411764706,0.5561224489795918,-2.4725889357148643,-3.691501702958139,1,0.7712418300653594,0.5418200066912011,-2.4808034100572867,-3.6509328915237336,1,0.7361111111111112,0.5336232853797256,-2.2917654266404037,-3.578574256528125,1,0.7941176470588235,0.49079959852793575,-2.4593328616492793,-3.5733342630827396,1,0.7573529411764706,0.484610237537638,-2.739220141849499,-3.7357705839400706,1,0.7941176470588235,0.4813114754098361,-2.312772716105365,-3.515765248213155,1
1,0.8666666666666667,0.3737829065993509,-2.7580477700586776,-3.607402145469557,1,0.7418300653594772,0.4895081967213115,-2.6803227443119093,-3.0928187048677236,1,0.84375,0.515,-2.6413369862000016,-3.121142933508878,1,0.8333333333333334,0.425,-2.7020563738946937,-3.475386171140341,1,0.7261029411764706,0.5561224489795918,-2.4725889357148643,-3.691501702958139,1,0.7712418300653594,0.5418200066912011,-2.4808034100572867,-3.6509328915237336,1,0.7361111111111112,0.5336232853797256,-2.2917654266404037,-3.578574256528125,1,0.7941176470588235,0.49079959852793575,-2.4593328616492793,-3.5733342630827396,1,0.7573529411764706,0.484610237537638,-2.739220141849499,-3.7357705839400706,1,0.7941176470588235,0.4813114754098361,-2.312772716105365,-3.515765248213155,1,0.7647058823529411,0.5069727891156462,-2.0972688241811266,-3.1906389963286395,1
1,0.7418300653594772,0.4895081967213115,-2.6803227443119093,-3.0928187048677236,1,0.84375,0.515,-2.6413369862000016,-3.121142933508878,1,0.8333333333333334,0.425,-2.7020563738946937,-3.475386171140341,1,0.7261029411764706,0.5561224489795918,-2.4725889357148643,-3.691501702958139,1,0.7712418300653594,0.5418200066912011,-2.4808034100572867,-3.6509328915237336,1,0.7361111111111112,0.5336232853797256,-2.2917654266404037,-3.578574256528125,1,0.7941176470588235,0.49079959852793575,-2.4593328616492793,-3.5733342630827396,1,0.7573529411764706,0.484610237537638,-2.739220141849499,-3.7357705839400706,1,0.7941176470588235,0.4813114754098361,-2.312772716105365,-3.515765248213155,1,0.7647058823529411,0.5069727891156462,-2.0972688241811266,-3.1906389963286395,1,0.78125,0.5069727891156462,-2.1403387776888305,-3.2759753288311937,1
1,0.84375,0.515,-2.6413369862000016,-3.121142933508878,1,0.8333333333333334,0.425,-2.7020563738946937,-3.475386171140341,1,0.7261029411764706,0.5561224489795918,-2.4725889357148643,-3.691501702958139,1,0.7712418300653594,0.5418200066912011,-2.4808034100572867,-3.6509328915237336,1,0.7361111111111112,0.5336232853797256,-2.2917654266404037,-3.578574256528125,1,0.7941176470588235,0.49079959852793575,-2.4593328616492793,-3.5733342630827396,1,0.7573529411764706,0.484610237537638,-2.739220141849499,-3.7357705839400706,1,0.7941176470588235,0.4813114754098361,-2.312772716105365,-3.515765248213155,1,0.7647058823529411,0.5069727891156462,-2.0972688241811266,-3.1906389963286395,1,0.78125,0.5069727891156462,-2.1403387776888305,-3.2759753288311937,1,0.7058823529411765,0.6,-2.118768322559954,-3.4084042078419556,1
1,0.8333333333333334,0.425,-2.7020563738946937,-3.475386171140341,1,0.7261029411764706,0.5561224489795918,-2.4725889357148643,-3.691501702958139,1,0.7712418300653594,0.5418200066912011,-2.4808034100572867,-3.6509328915237336,1,0.7361111111111112,0.5336232853797256,-2.2917654266404037,-3.578574256528125,1,0.7941176470588235,0.49079959852793575,-2.4593328616492793,-3.5733342630827396,1,0.7573529411764706,0.484610237537638,-2.739220141849499,-3.7357705839400706,1,0.7941176470588235,0.4813114754098361,-2.312772716105365,-3.515765248213155,1,0.7647058823529411,0.5069727891156462,-2.0972688241811266,-3.1906389963286395,1,0.78125,0.5069727891156462,-2.1403387776888305,-3.2759753288311937,1,0.7058823529411765,0.6,-2.118768322559954,-3.4084042078419556,1,0.7434640522875817,0.5791666666666666,-1.685090964781838,-3.241630241047129,1
1,0.7261029411764706,0.5561224489795918,-2.4725889357148643,-3.691501702958139,1,0.7712418300653594,0.5418200066912011,-2.4808034100572867,-3.6509328915237336,1,0.7361111111111112,0.5336232853797256,-2.2917654266404037,-3.578574256528125,1,0.7941176470588235,0.49079959852793575,-2.4593328616492793,-3.5733342630827396,1,0.7573529411764706,0.484610237537638,-2.739220141849499,-3.7357705839400706,1,0.7941176470588235,0.4813114754098361,-2.312772716105365,-3.515765248213155,1,0.7647058823529411,0.5069727891156462,-2.0972688241811266,-3.1906389963286395,1,0.78125,0.5069727891156462,-2.1403387776888305,-3.2759753288311937,1,0.7058823529411765,0.6,-2.118768322559954,-3.4084042078419556,1,0.7434640522875817,0.5791666666666666,-1.685090964781838,-3.241630241047129,1,0.84375,0.5791666666666666,-1.5713473930959208,-3.3591742284171433,1
1,0.7712418300653594,0.5418200066912011,-2.4808034100572867,-3.6509328915237336,1,0.7361111111111112,0.5336232853797256,-2.2917654266404037,-3.578574256528125,1,0.7941176470588235,0.49079959852793575,-2.4593328616492793,-3.5733342630827396,1,0.7573529411764706,0.484610237537638,-2.739220141849499,-3.7357705839400706,1,0.7941176470588235,0.4813114754098361,-2.312772716105365,-3.515765248213155,1,0.7647058823529411,0.5069727891156462,-2.0972688241811266,-3.1906389963286395,1,0.78125,0.5069727891156462,-2.1403387776888305,-3.2759753288311937,1,0.7058823529411765,0.6,-2.118768322559954,-3.4084042078419556,1,0.7434640522875817,0.5791666666666666,-1.685090964781838,-3.241630241047129,1,0.84375,0.5791666666666666,-1.5713473930959208,-3.3591742284171433,1,0.78125,0.4083333333333333,-2.2316162483652193,-4.108832958315388,1
1,0.7361111111111112,0.5336232853797256,-2.2917654266404037,-3.578574256528125,1,0.7941176470588235,0.49079959852793575,-2.4593328616492793,-3.5733342630827396,1,0.7573529411764706,0.484610237537638,-2.739220141849499,-3.7357705839400706,1,0.7941176470588235,0.4813114754098361,-2.312772716105365,-3.515765248213155,1,0.7647058823529411,0.5069727891156462,-2.0972688241811266,-3.1906389963286395,1,0.78125,0.5069727891156462,-2.1403387776888305,-3.2759753288311937,1,0.7058823529411765,0.6,-2.118768322559954,-3.4084042078419556,1,0.7434640522875817,0.5791666666666666,-1.685090964781838,-3.241630241047129,1,0.84375,0.5791666666666666,-1.5713473930959208,-3.3591742284171433,1,0.78125,0.4083333333333333,-2.2316162483652193,-4.108832958315388,1,0.8375,0.43262411347517726,-2.4479005270192284,-3.9416934364729648,1
1,0.7941176470588235,0.49079959852793575,-2.4593328616492793,-3.5733342630827396,1,0.7573529411764706,0.484610237537638,-2.739220141849499,-3.7357705839400706,1,0.7941176470588235,0.4813114754098361,-2.312772716105365,-3.515765248213155,1,0.7647058823529411,0.5069727891156462,-2.0972688241811266,-3.1906389963286395,1,0.78125,0.5069727891156462,-2.1403387776888305,-3.2759753288311937,1,0.7058823529411765,0.6,-2.118768322559954,-3.4084042078419556,1,0.7434640522875817,0.5791666666666666,-1.685090964781838,-3.241630241047129,1,0.84375,0.5791666666666666,-1.5713473930959208,-3.3591742284171433,1,0.78125,0.4083333333333333,-2.2316162483652193,-4.108832958315388,1,0.8375,0.43262411347517726,-2.4479005270192284,-3.9416934364729648,1,0.8375,0.4489412568306011,-2.4109704862064216,-3.762359124735503,1
1,0.7573529411764706,0.484610237537638,-2.739220141849499,-3.7357705839400706,1,0.7941176470588235,0.4813114754098361,-2.312772716105365,-3.515765248213155,1,0.7647058823529411,0.5069727891156462,-2.0972688241811266,-3.1906389963286395,1,0.78125,0.5069727891156462,-2.1403387776888305,-3.2759753288311937,1,0.7058823529411765,0.6,-2.118768322559954,-3.4084042078419556,1,0.7434640522875817,0.5791666666666666,-1.685090964781838,-3.241630241047129,1,0.84375,0.5791666666666666,-1.5713473930959208,-3.3591742284171433,1,0.78125,0.4083333333333333,-2.2316162483652193,-4.108832958315388,1,0.8375,0.43262411347517726,-2.4479005270192284,-3.9416934364729648,1,0.8375,0.4489412568306011,-2.4109704862064216,-3.762359124735503,1,0.78125,0.4395833333333333,-2.2073288793830166,-3.378713748046741,1
1,0.7941176470588235,0.4813114754098361,-2.312772716105365,-3.515765248213155,1,0.7647058823529411,0.5069727891156462,-2.0972688241811266,-3.1906389963286395,1,0.78125,0.5069727891156462,-2.1403387776888305,-3.2759753288311937,1,0.7058823529411765,0.6,-2.118768322559954,-3.4084042078419556,1,0.7434640522875817,0.5791666666666666,-1.685090964781838,-3.241630241047129,1,0.84375,0.5791666666666666,-1.5713473930959208,-3.3591742284171433,1,0.78125,0.4083333333333333,-2.2316162483652193,-4.108832958315388,1,0.8375,0.43262411347517726,-2.4479005270192284,-3.9416934364729648,1,0.8375,0.4489412568306011,-2.4109704862064216,-3.762359124735503,1,0.78125,0.4395833333333333,-2.2073288793830166,-3.378713748046741,1,0.7573529411764706,0.5110688343133865,-2.1753419416906423,-3.3906881631197994,1
1,0.7647058823529411,0.5069727891156462,-2.0972688241811266,-3.1906389963286395,1,0.78125,0.5069727891156462,-2.1403387776888305,-3.2759753288311937,1,0.7058823529411765,0.6,-2.118768322559954,-3.4084042078419556,1,0.7434640522875817,0.5791666666666666,-1.685090964781838,-3.241630241047129,1,0.84375,0.5791666666666666,-1.5713473930959208,-3.3591742284171433,1,0.78125,0.4083333333333333,-2.2316162483652193,-4.108832958315388,1,0.8375,0.43262411347517726,-2.4479005270192284,-3.9416934364729648,1,0.8375,0.4489412568306011,-2.4109704862064216,-3.762359124735503,1,0.78125,0.4395833333333333,-2.2073288793830166,-3.378713748046741,1,0.7573529411764706,0.5110688343133865,-2.1753419416906423,-3.3906881631197994,1,0.78125,0.5255102040816326,-1.598680712266578,-3.043779174831432,1
1,0.78125,0.5069727891156462,-2.1403387776888305,-3.2759753288311937,1,0.7058823529411765,0.6,-2.118768322559954,-3.4084042078419556,1,0.7434640522875817,0.5791666666666666,-1.685090964781838,-3.241630241047129,1,0.84375,0.5791666666666666,-1.5713473930959208,-3.3591742284171433,1,0.78125,0.4083333333333333,-2.2316162483652193,-4.108832958315388,1,0.8375,0.43262411347517726,-2.4479005270192284,-3.9416934364729648,1,0.8375,0.4489412568306011,-2.4109704862064216,-3.762359124735503,1,0.78125,0.4395833333333333,-2.2073288793830166,-3.378713748046741,1,0.7573529411764706,0.5110688343133865,-2.1753419416906423,-3.3906881631197994,1,0.78125,0.5255102040816326,-1.598680712266578,-3.043779174831432,1,0.7261029411764706,0.5440476190476191,-1.4778334903312658,-2.9801996683709273,1
1,0.7058823529411765,0.6,-2.118768322559954,-3.4084042078419556,1,0.7434640522875817,0.5791666666666666,-1.685090964781838,-3.241630241047129,1,0.84375,0.5791666666666666,-1.5713473930959208,-3.3591742284171433,1,0.78125,0.4083333333333333,-2.2316162483652193,-4.108832958315388,1,0.8375,0.43262411347517726,-2.4479005270192284,-3.9416934364729648,1,0.8375,0.4489412568306011,-2.4109704862064216,-3.762359124735503,1,0.78125,0.4395833333333333,-2.2073288793830166,-3.378713748046741,1,0.7573529411764706,0.5110688343133865,-2.1753419416906423,-3.3906881631197994,1,0.78125,0.5255102040816326,-1.598680712266578,-3.043779174831432,1,0.7261029411764706,0.5440476190476191,-1.4778334903312658,-2.9801996683709273,1,0.7140522875816994,0.519047619047619,-1.3268093131197305,-2.952177204534617,1
1,0.7434640522875817,0.5791666666666666,-1.685090964781838,-3.241630241047129,1,0.84375,0.5791666666666666,-1.5713473930959208,-3.3591742284171433,1,0.78125,0.4083333333333333,-2.2316162483652193,-4.108832958315388,1,0.8375,0.43262411347517726,-2.4479005270192284,-3.9416934364729648,1,0.8375,0.4489412568306011,-2.4109704862064216,-3.762359124735503,1,0.78125,0.4395833333333333,-2.2073288793830166,-3.378713748046741,1,0.7573529411764706,0.5110688343133865,-2.1753419416906423,-3.3906881631197994,1,0.78125,0.5255102040816326,-1.598680712266578,-3.043779174831432,1,0.7261029411764706,0.5440476190476191,-1.4778334903312658,-2.9801996683709273,1,0.7140522875816994,0.519047619047619,-1.3268093131197305,-2.952177204534617,1,0.71875,0.5273809523809524,-1.6787117254499064,-3.1756968437178923,1
1,0.84375,0.5791666666666666,-1.5713473930959208,-3.3591742284171433,1,0.78125,0.4083333333333333,-2.2316162483652193,-4.108832958315388,1,0.8375,0.43262411347517726,-2.4479005270192284,-3.9416934364729648,1,0.8375,0.4489412568306011,-2.4109704862064216,-3.762359124735503,1,0.78125,0.4395833333333333,-2.2073288793830166,-3.378713748046741,1,0.7573529411764706,0.5110688343133865,-2.1753419416906423,-3.3906881631197994,1,0.78125,0.5255102040816326,-1.598680712266578,-3.043779174831432,1,0.7261029411764706,0.5440476190476191,-1.4778334903312658,-2.9801996683709273,1,0.7140522875816994,0.519047619047619,-1.3268093131197305,-2.952177204534617,1,0.71875,0.5273809523809524,-1.6787117254499064,-3.1756968437178923,1,0.7333333333333334,0.37448979591836734,-1.9171480519635997,-3.117824257590841,1
1,0.78125,0.4083333333333333,-2.2316162483652193,-4.108832958315388,1,0.8375,0.43262411347517726,-2.4479005270192284,-3.9416934364729648,1,0.8375,0.4489412568306011,-2.4109704862064216,-3.762359124735503,1,0.78125,0.4395833333333333,-2.2073288793830166,-3.378713748046741,1,0.7573529411764706,0.5110688343133865,-2.1753419416906423,-3.3906881631197994,1,0.78125,0.5255102040816326,-1.598680712266578,-3.043779174831432,1,0.7261029411764706,0.5440476190476191,-1.4778334903312658,-2.9801996683709273,1,0.7140522875816994,0.519047619047619,-1.3268093131197305,-2.952177204534617,1,0.71875,0.5273809523809524,-1.6787117254499064,-3.1756968437178923,1,0.7333333333333334,0.37448979591836734,-1.9171480519635997,-3.117824257590841,1,0.78125,0.425,-2.3214891020313435,-4.063414353854495,1
1,0.8375,0.43262411347517726,-2.4479005270192284,-3.9416934364729648,1,0.8375,0.4489412568306011,-2.4109704862064216,-3.762359124735503,1,0.78125,0.4395833333333333,-2.2073288793830166,-3.378713748046741,1,0.7573529411764706,0.5110688343133865,-2.1753419416906423,-3.3906881631197994,1,0.78125,0.5255102040816326,-1.598680712266578,-3.043779174831432,1,0.7261029411764706,0.5440476190476191,-1.4778334903312658,-2.9801996683709273,1,0.7140522875816994,0.519047619047619,-1.3268093131197305,-2.952177204534617,1,0.71875,0.5273809523809524,-1.6787117254499064,-3.1756968437178923,1,0.7333333333333334,0.37448979591836734,-1.9171480519635997,-3.117824257590841,1,0.78125,0.425,-2.3214891020313435,-4.063414353854495,1,0.78125,0.4442028985507246,-2.3462569973537235,-4.071338039839253,1
1,0.8375,0.4489412568306011,-2.4109704862064216,-3.762359124735503,1,0.78125,0.4395833333333333,-2.2073288793830166,-3.378713748046741,1,0.7573529411764706,0.5110688343133865,-2.1753419416906423,-3.3906881631197994,1,0.78125,0.5255102040816326,-1.598680712266578,-3.043779174831432,1,0.7261029411764706,0.5440476190476191,-1.4778334903312658,-2.9801996683709273,1,0.7140522875816994,0.519047619047619,-1.3268093131197305,-2.952177204534617,1,0.71875,0.5273809523809524,-1.6787117254499064,-3.1756968437178923,1,0.7333333333333334,0.37448979591836734,-1.9171480519635997,-3.117824257590841,1,0.78125,0.425,-2.3214891020313435,-4.063414353854495,1,0.78125,0.4442028985507246,-2.3462569973537235,-4.071338039839253,1,0.6568627450980392,0.5331356818974538,-2.3334918809338636,-4.0966393314604215,1
1,0.78125,0.4395833333333333,-2.2073288793830166,-3.378713748046741,1,0.7573529411764706,0.5110688343133865,-2.1753419416906423,-3.3906881631197994,1,0.78125,0.5255102040816326,-1.598680712266578,-3.043779174831432,1,0.7261029411764706,0.5440476190476191,-1.4778334903312658,-2.9801996683709273,1,0.7140522875816994,0.519047619047619,-1.3268093131197305,-2.952177204534617,1,0.71875,0.5273809523809524,-1.6787117254499064,-3.1756968437178923,1,0.7333333333333334,0.37448979591836734,-1.9171480519635997,-3.117824257590841,1,0.78125,0.425,-2.3214891020313435,-4.063414353854495,1,0.78125,0.4442028985507246,-2.3462569973537235,-4.071338039839253,1,0.6568627450980392,0.5331356818974538,-2.3334918809338636,-4.0966393314604215,1,0.675,0.5497489014438167,-1.1445495351076194,-0.8341554314708414,1
1,0.7573529411764706,0.5110688343133865,-2.1753419416906423,-3.3906881631197994,1,0.78125,0.5255102040816326,-1.598680712266578,-3.043779174831432,1,0.7261029411764706,0.5440476190476191,-1.4778334903312658,-2.9801996683709273,1,0.7140522875816994,0.519047619047619,-1.3268093131197305,-2.952177204534617,1,0.71875,0.5273809523809524,-1.6787117254499064,-3.1756968437178923,1,0.7333333333333334,0.37448979591836734,-1.9171480519635997,-3.117824257590841,1,0.78125,0.425,-2.3214891020313435,-4.063414353854495,1,0.78125,0.4442028985507246,-2.3462569973537235,-4.071338039839253,1,0.6568627450980392,0.5331356818974538,-2.3334918809338636,-4.0966393314604215,1,0.675,0.5497489014438167,-1.1445495351076194,-0.8341554314708414,1,0.72953216374269,0.4956140350877193,-0.8670432740262046,0.02840365188231345,1
1,0.78125,0.5255102040816326,-1.598680712266578,-3.043779174831432,1,0.7261029411764706,0.5440476190476191,-1.4778334903312658,-2.9801996683709273,1,0.7140522875816994,0.519047619047619,-1.3268093131197305,-2.952177204534617,1,0.71875,0.5273809523809524,-1.6787117254499064,-3.1756968437178923,1,0.7333333333333334,0.37448979591836734,-1.9171480519635997,-3.117824257590841,1,0.78125,0.425,-2.3214891020313435,-4.063414353854495,1,0.78125,0.4442028985507246,-2.3462569973537235,-4.071338039839253,1,0.6568627450980392,0.5331356818974538,-2.3334918809338636,-4.0966393314604215,1,0.675,0.5497489014438167,-1.1445495351076194,-0.8341554314708414,1,0.72953216374269,0.4956140350877193,-0.8670432740262046,0.02840365188231345,1,0.7380952380952381,0.5446428571428572,0.9317670010346367,0.4178848417869796,1
1,0.7261029411764706,0.5440476190476191,-1.4778334903312658,-2.9801996683709273,1,0.7140522875816994,0.519047619047619,-1.3268093131197305,-2.952177204534617,1,0.71875,0.5273809523809524,-1.6787117254499064,-3.1756968437178923,1,0.7333333333333334,0.37448979591836734,-1.9171480519635997,-3.117824257590841,1,0.78125,0.425,-2.3214891020313435,-4.063414353854495,1,0.78125,0.4442028985507246,-2.3462569973537235,-4.071338039839253,1,0.6568627450980392,0.5331356818974538,-2.3334918809338636,-4.0966393314604215,1,0.675,0.5497489014438167,-1.1445495351076194,-0.8341554314708414,1,0.72953216374269,0.4956140350877193,-0.8670432740262046,0.02840365188231345,1,0.7380952380952381,0.5446428571428572,0.9317670010346367,0.4178848417869796,1,0.45,0.6196741854636592,1.7212288295530438,0.7070311443222688,1
1,0.7140522875816994,0.519047619047619,-1.3268093131197305,-2.952177204534617,1,0.71875,0.5273809523809524,-1.6787117254499064,-3.1756968437178923,1,0.7333333333333334,0.37448979591836734,-1.9171480519635997,-3.117824257590841,1,0.78125,0.425,-2.3214891020313435,-4.063414353854495,1,0.78125,0.4442028985507246,-2.3462569973537235,-4.071338039839253,1,0.6568627450980392,0.5331356818974538,-2.3334918809338636,-4.0966393314604215,1,0.675,0.5497489014438167,-1.1445495351076194,-0.8341554314708414,1,0.72953216374269,0.4956140350877193,-0.8670432740262046,0.02840365188231345,1,0.7380952380952381,0.5446428571428572,0.9317670010346367,0.4178848417869796,1,0.45,0.6196741854636592,1.7212288295530438,0.7070311443222688,1,0.4083333333333333,0.8716666666666666,3.7701219022032846,2.971092062615149,1
1,0.71875,0.5273809523809524,-1.6787117254499064,-3.1756968437178923,1,0.7333333333333334,0.37448979591836734,-1.9171480519635997,-3.117824257590841,1,0.78125,0.425,-2.3214891020313435,-4.063414353854495,1,0.78125,0.4442028985507246,-2.3462569973537235,-4.071338039839253,1,0.6568627450980392,0.5331356818974538,-2.3334918809338636,-4.0966393314604215,1,0.675,0.5497489014438167,-1.1445495351076194,-0.8341554314708414,1,0.72953216374269,0.4956140350877193,-0.8670432740262046,0.02840365188231345,1,0.7380952380952381,0.5446428571428572,0.9317670010346367,0.4178848417869796,1,0.45,0.6196741854636592,1.7212288295530438,0.7070311443222688,1,0.4083333333333333,0.8716666666666666,3.7701219022032846,2.971092062615149,1,0.5869565217391304,0.7637207425343018,5.262797815332612,6.547194251822825,1
1,0.7333333333333334,0.37448979591836734,-1.9171480519635997,-3.117824257590841,1,0.78125,0.425,-2.3214891020313435,-4.063414353854495,1,0.78125,0.4442028985507246,-2.3462569973537235,-4.071338039839253,1,0.6568627450980392,0.5331356818974538,-2.3334918809338636,-4.0966393314604215,1,0.675,0.5497489014438167,-1.1445495351076194,-0.8341554314708414,1,0.72953216374269,0.4956140350877193,-0.8670432740262046,0.02840365188231345,1,0.7380952380952381,0.5446428571428572,0.9317670010346367,0.4178848417869796,1,0.45,0.6196741854636592,1.7212288295530438,0.7070311443222688,1,0.4083333333333333,0.8716666666666666,3.7701219022032846,2.971092062615149,1,0.5869565217391304,0.7637207425343018,5.262797815332612,6.547194251822825,1,0.4649122807017544,0.4994897959183674,3.204760993471294,3.4462657391903497,1
1,0.78125,0.425,-2.3214891020313435,-4.063414353854495,1,0.78125,0.4442028985507246,-2.3462569973537235,-4.071338039839253,1,0.6568627450980392,0.5331356818974538,-2.3334918809338636,-4.0966393314604215,1,0.675,0.5497489014438167,-1.1445495351076194,-0.8341554314708414,1,0.72953216374269,0.4956140350877193,-0.8670432740262046,0.02840365188231345,1,0.7380952380952381,0.5446428571428572,0.9317670010346367,0.4178848417869796,1,0.45,0.6196741854636592,1.7212288295530438,0.7070311443222688,1,0.4083333333333333,0.8716666666666666,3.7701219022032846,2.971092062615149,1,0.5869565217391304,0.7637207425343018,5.262797815332612,6.547194251822825,1,0.4649122807017544,0.4994897959183674,3.204760993471294,3.4462657391903497,1,0.6394736842105263,0.5763322884012538,0.2556916187214501,-0.4355016334686974,1
1,0.78125,0.4442028985507246,-2.3462569973537235,-4.071338039839253,1,0.6568627450980392,0.5331356818974538,-2.3334918809338636,-4.0966393314604215,1,0.675,0.5497489014438167,-1.1445495351076194,-0.8341554314708414,1,0.72953216374269,0.4956140350877193,-0.8670432740262046,0.02840365188231345,1,0.7380952380952381,0.5446428571428572,0.9317670010346367,0.4178848417869796,1,0.45,0.6196741854636592,1.7212288295530438,0.7070311443222688,1,0.4083333333333333,0.8716666666666666,3.7701219022032846,2.971092062615149,1,0.5869565217391304,0.7637207425343018,5.262797815332612,6.547194251822825,1,0.4649122807017544,0.4994897959183674,3.204760993471294,3.4462657391903497,1,0.6394736842105263,0.5763322884012538,0.2556916187214501,-0.4355016334686974,1,0.7017543859649122,0.5108730412535977,-0.49549347712800923,-1.6613898434489571,1
1,0.6568627450980392,0.5331356818974538,-2.3334918809338636,-4.0966393314604215,1,0.675,0.5497489014438167,-1.1445495351076194,-0.8341554314708414,1,0.72953216374269,0.4956140350877193,-0.8670432740262046,0.02840365188231345,1,0.7380952380952381,0.5446428571428572,0.9317670010346367,0.4178848417869796,1,0.45,0.6196741854636592,1.7212288295530438,0.7070311443222688,1,0.4083333333333333,0.8716666666666666,3.7701219022032846,2.971092062615149,1,0.5869565217391304,0.7637207425343018,5.262797815332612,6.547194251822825,1,0.4649122807017544,0.4994897959183674,3.204760993471294,3.4462657391903497,1,0.6394736842105263,0.5763322884012538,0.2556916187214501,-0.4355016334686974,1,0.7017543859649122,0.5108730412535977,-0.49549347712800923,-1.6613898434489571,1,0.7,0.4980443285528031,-0.9703323822505718,-1.9567554325755103,1
1,0.675,0.5497489014438167,-1.1445495351076194,-0.8341554314708414,1,0.72953216374269,0.4956140350877193,-0.8670432740262046,0.02840365188231345,1,0.7380952380952381,0.5446428571428572,0.9317670010346367,0.4178848417869796,1,0.45,0.6196741854636592,1.7212288295530438,0.7070311443222688,1,0.4083333333333333,0.8716666666666666,3.7701219022032846,2.971092062615149,1,0.5869565217391304,0.7637207425343018,5.262797815332612,6.547194251822825,1,0.4649122807017544,0.4994897959183674,3.204760993471294,3.4462657391903497,1,0.6394736842105263,0.5763322884012538,0.2556916187214501,-0.4355016334686974,1,0.7017543859649122,0.5108730412535977,-0.49549347712800923,-1.6613898434489571,1,0.7,0.4980443285528031,-0.9703323822505718,-1.9567554325755103,1,0.6842105263157894,0.5261664564943254,-1.3656632904632968,-2.253630753673014,1
1,0.72953216374269,0.4956140350877193,-0.8670432740262046,0.02840365188231345,1,0.7380952380952381,0.5446428571428572,0.9317670010346367,0.4178848417869796,1,0.45,0.6196741854636592,1.7212288295530438,0.7070311443222688,1,0.4083333333333333,0.8716666666666666,3.7701219022032846,2.971092062615149,1,0.5869565217391304,0.7637207425343018,5.262797815332612,6.547194251822825,1,0.4649122807017544,0.4994897959183674,3.204760993471294,3.4462657391903497,1,0.6394736842105263,0.5763322884012538,0.2556916187214501,-0.4355016334686974,1,0.7017543859649122,0.5108730412535977,-0.49549347712800923,-1.6613898434489571,1,0.7,0.4980443285528031,-0.9703323822505718,-1.9567554325755103,1,0.6842105263157894,0.5261664564943254,-1.3656632904632968,-2.253630753673014,1,0.6739766081871346,0.485,-1.8467936446086406,-2.379872558622562,1
1,0.7380952380952381,0.5446428571428572,0.9317670010346367,0.4178848417869796,1,0.45,0.6196741854636592,1.7212288295530438,0.7070311443222688,1,0.4083333333333333,0.8716666666666666,3.7701219022032846,2.971092062615149,1,0.5869565217391304,0.7637207425343018,5.262797815332612,6.547194251822825,1,0.4649122807017544,0.4994897959183674,3.204760993471294,3.4462657391903497,1,0.6394736842105263,0.5763322884012538,0.2556916187214501,-0.4355016334686974,1,0.7017543859649122,0.5108730412535977,-0.49549347712800923,-1.6613898434489571,1,0.7,0.4980443285528031,-0.9703323822505718,-1.9567554325755103,1,0.6842105263157894,0.5261664564943254,-1.3656632904632968,-2.253630753673014,1,0.6739766081871346,0.485,-1.8467936446086406,-2.379872558622562,1,0.6578947368421053,0.4666666666666667,-1.763914143171788,-2.586747668807954,1
1,0.45,0.6196741854636592,1.7212288295530438,0.7070311443222688,1,0.4083333333333333,0.8716666666666666,3.7701219022032846,2.971092062615149,1,0.5869565217391304,0.7637207425343018,5.262797815332612,6.547194251822825,1,0.4649122807017544,0.4994897959183674,3.204760993471294,3.4462657391903497,1,0.6394736842105263,0.5763322884012538,0.2556916187214501,-0.4355016334686974,1,0.7017543859649122,0.5108730412535977,-0.49549347712800923,-1.6613898434489571,1,0.7,0.4980443285528031,-0.9703323822505718,-1.9567554325755103,1,0.6842105263157894,0.5261664564943254,-1.3656632904632968,-2.253630753673014,1,0.6739766081871346,0.485,-1.8467936446086406,-2.379872558622562,1,0.6578947368421053,0.4666666666666667,-1.763914143171788,-2.586747668807954,1,0.7017543859649122,0.4703389830508474,-1.562464579836034,-2.0489397038202415,1
1,0.4083333333333333,0.8716666666666666,3.7701219022032846,2.971092062615149,1,0.5869565217391304,0.7637207425343018,5.262797815332612,6.547194251822825,1,0.4649122807017544,0.4994897959183674,3.204760993471294,3.4462657391903497,1,0.6394736842105263,0.5763322884012538,0.2556916187214501,-0.4355016334686974,1,0.7017543859649122,0.5108730412535977,-0.49549347712800923,-1.6613898434489571,1,0.7,0.4980443285528031,-0.9703323822505718,-1.9567554325755103,1,0.6842105263157894,0.5261664564943254,-1.3656632904632968,-2.253630753673014,1,0.6739766081871346,0.485,-1.8467936446086406,-2.379872558622562,1,0.6578947368421053,0.4666666666666667,-1.763914143171788,-2.586747668807954,1,0.7017543859649122,0.4703389830508474,-1.562464579836034,-2.0489397038202415,1,0.6578947368421053,0.5511734028683182,-1.7441925624932353,-1.9579729036225204,1
1,0.5869565217391304,0.7637207425343018,5.262797815332612,6.547194251822825,1,0.4649122807017544,0.4994897959183674,3.204760993471294,3.4462657391903497,1,0.6394736842105263,0.5763322884012538,0.2556916187214501,-0.4355016334686974,1,0.7017543859649122,0.5108730412535977,-0.49549347712800923,-1.6613898434489571,1,0.7,0.4980443285528031,-0.9703323822505718,-1.9567554325755103,1,0.6842105263157894,0.5261664564943254,-1.3656632904632968,-2.253630753673014,1,0.6739766081871346,0.485,-1.8467936446086406,-2.379872558622562,1,0.6578947368421053,0.4666666666666667,-1.763914143171788,-2.586747668807954,1,0.7017543859649122,0.4703389830508474,-1.562464579836034,-2.0489397038202415,1,0.6578947368421053,0.5511734028683182,-1.7441925624932353,-1.9579729036225204,1,0.7352941176470589,0.4837155201063476,-1.4956501057632314,-1.9687369634159748,1
1,0.4649122807017544,0.4994897959183674,3.204760993471294,3.4462657391903497,1,0.6394736842105263,0.5763322884012538,0.2556916187214501,-0.4355016334686974,1,0.7017543859649122,0.5108730412535977,-0.49549347712800923,-1.6613898434489571,1,0.7,0.4980443285528031,-0.9703323822505718,-1.9567554325755103,1,0.6842105263157894,0.5261664564943254,-1.3656632904632968,-2.253630753673014,1,0.6739766081871346,0.485,-1.8467936446086406,-2.379872558622562,1,0.6578947368421053,0.4666666666666667,-1.763914143171788,-2.586747668807954,1,0.7017543859649122,0.4703389830508474,-1.562464579836034,-2.0489397038202415,1,0.6578947368421053,0.5511734028683182,-1.7441925624932353,-1.9579729036225204,1,0.7352941176470589,0.4837155201063476,-1.4956501057632314,-1.9687369634159748,1,0.6944444444444444,0.4897058823529412,-1.732514041371814,-1.9939951442678234,1
1,0.6394736842105263,0.5763322884012538,0.2556916187214501,-0.4355016334686974,1,0.7017543859649122,0.5108730412535977,-0.49549347712800923,-1.6613898434489571,1,0.7,0.4980443285528031,-0.9703323822505718,-1.9567554325755103,1,0.6842105263157894,0.5261664564943254,-1.3656632904632968,-2.253630753673014,1,0.6739766081871346,0.485,-1.8467936446086406,-2.379872558622562,1,0.6578947368421053,0.4666666666666667,-1.763914143171788,-2.586747668807954,1,0.7017543859649122,0.4703389830508474,-1.562464579836034,-2.0489397038202415,1,0.6578947368421053,0.5511734028683182,-1.7441925624932353,-1.9579729036225204,1,0.7352941176470589,0.4837155201063476,-1.4956501057632314,-1.9687369634159748,1,0.6944444444444444,0.4897058823529412,-1.732514041371814,-1.9939951442678234,1,0.9551282051282051,0.3689473684210526,-1.9383231184066299,-1.8167496823099378,1
1,0.7017543859649122,0.5108730412535977,-0.49549347712800923,-1.6613898434489571,1,0.7,0.4980443285528031,-0.9703323822505718,-1.9567554325755103,1,0.6842105263157894,0.5261664564943254,-1.3656632904632968,-2.253630753673014,1,0.6739766081871346,0.485,-1.8467936446086406,-2.379872558622562,1,0.6578947368421053,0.4666666666666667,-1.763914143171788,-2.586747668807954,1,0.7017543859649122,0.4703389830508474,-1.562464579836034,-2.0489397038202415,1,0.6578947368421053,0.5511734028683182,-1.7441925624932353,-1.9579729036225204,1,0.7352941176470589,0.4837155201063476,-1.4956501057632314,-1.9687369634159748,1,0.6944444444444444,0.4897058823529412,-1.732514041371814,-1.9939951442678234,1,0.9551282051282051,0.3689473684210526,-1.9383231184066299,-1.8167496823099378,1,0.8125,0.34862080425390496,-2.103165233150462,-2.258888330186906,1
1,0.7,0.4980443285528031,-0.9703323822505718,-1.9567554325755103,1,0.6842105263157894,0.5261664564943254,-1.3656632904632968,-2.253630753673014,1,0.6739766081871346,0.485,-1.8467936446086406,-2.379872558622562,1,0.6578947368421053,0.4666666666666667,-1.763914143171788,-2.586747668807954,1,0.7017543859649122,0.4703389830508474,-1.562464579836034,-2.0489397038202415,1,0.6578947368421053,0.5511734028683182,-1.7441925624932353,-1.9579729036225204,1,0.7352941176470589,0.4837155201063476,-1.4956501057632314,-1.9687369634159748,1,0.6944444444444444,0.4897058823529412,-1.732514041371814,-1.9939951442678234,1,0.9551282051282051,0.3689473684210526,-1.9383231184066299,-1.8167496823099378,1,0.8125,0.34862080425390496,-2.103165233150462,-2.258888330186906,1,0.8235294117647058,0.457843137254902,-1.984491579064975,-2.679889031240946,1
1,0.6842105263157894,0.5261664564943254,-1.3656632904632968,-2.253630753673014,1,0.6739766081871346,0.485,-1.8467936446086406,-2.379872558622562,1,0.6578947368421053,0.4666666666666667,-1.763914143171788,-2.586747668807954,1,0.7017543859649122,0.4703389830508474,-1.562464579836034,-2.0489397038202415,1,0.6578947368421053,0.5511734028683182,-1.7441925624932353,-1.9579729036225204,1,0.7352941176470589,0.4837155201063476,-1.4956501057632314,-1.9687369634159748,1,0.6944444444444444,0.4897058823529412,-1.732514041371814,-1.9939951442678234,1,0.9551282051282051,0.3689473684210526,-1.9383231184066299,-1.8167496823099378,1,0.8125,0.34862080425390496,-2.103165233150462,-2.258888330186906,1,0.8235294117647058,0.457843137254902,-1.984491579064975,-2.679889031240946,1,0.8125,0.45333333333333337,-3.197197235570276,-3.1350957488237867,1
1,0.6739766081871346,0.485,-1.8467936446086406,-2.379872558622562,1,0.6578947368421053,0.4666666666666667,-1.763914143171788,-2.586747668807954,1,0.7017543859649122,0.4703389830508474,-1.562464579836034,-2.0489397038202415,1,0.6578947368421053,0.5511734028683182,-1.7441925624932353,-1.9579729036225204,1,0.7352941176470589,0.4837155201063476,-1.4956501057632314,-1.9687369634159748,1,0.6944444444444444,0.4897058823529412,-1.732514041371814,-1.9939951442678234,1,0.9551282051282051,0.3689473684210526,-1.9383231184066299,-1.8167496823099378,1,0.8125,0.34862080425390496,-2.103165233150462,-2.258888330186906,1,0.8235294117647058,0.457843137254902,-1.984491579064975,-2.679889031240946,1,0.8125,0.45333333333333337,-3.197197235570276,-3.1350957488237867,1,0.6305147058823529,0.36285266457680254,-6.989844626777768,-4.529592287473251,1
1,0.6578947368421053,0.4666666666666667,-1.763914143171788,-2.586747668807954,1,0.7017543859649122,0.4703389830508474,-1.562464579836034,-2.0489397038202415,1,0.6578947368421053,0.5511734028683182,-1.7441925624932353,-1.9579729036225204,1,0.7352941176470589,0.4837155201063476,-1.4956501057632314,-1.9687369634159748,1,0.6944444444444444,0.4897058823529412,-1.732514041371814,-1.9939951442678234,1,0.9551282051282051,0.3689473684210526,-1.9383231184066299,-1.8167496823099378,1,0.8125,0.34862080425390496,-2.103165233150462,-2.258888330186906,1,0.8235294117647058,0.457843137254902,-1.984491579064975,-2.679889031240946,1,0.8125,0.45333333333333337,-3.197197235570276,-3.1350957488237867,1,0.6305147058823529,0.36285266457680254,-6.989844626777768,-4.529592287473251,1,0.7712418300653594,0.4810350369656059,-2.6598621727869185,-3.071737656801736,1
1,0.7017543859649122,0.4703389830508474,-1.562464579836034,-2.0489397038202415,1,0.6578947368421053,0.5511734028683182,-1.7441925624932353,-1.9579729036225204,1,0.7352941176470589,0.4837155201063476,-1.4956501057632314,-1.9687369634159748,1,0.6944444444444444,0.4897058823529412,-1.732514041371814,-1.9939951442678234,1,0.9551282051282051,0.3689473684210526,-1.9383231184066299,-1.8167496823099378,1,0.8125,0.34862080425390496,-2.103165233150462,-2.258888330186906,1,0.8235294117647058,0.457843137254902,-1.984491579064975,-2.679889031240946,1,0.8125,0.45333333333333337,-3.197197235570276,-3.1350957488237867,1,0.6305147058823529,0.36285266457680254,-6.989844626777768,-4.529592287473251,1,0.7712418300653594,0.4810350369656059,-2.6598621727869185,-3.071737656801736,1,0.8161764705882353,0.4466409514625522,-2.949028979708983,-2.8279891416375844,1
1,0.6578947368421053,0.5511734028683182,-1.7441925624932353,-1.9579729036225204,1,0.7352941176470589,0.4837155201063476,-1.4956501057632314,-1.9687369634159748,1,0.6944444444444444,0.4897058823529412,-1.732514041371814,-1.9939951442678234,1,0.9551282051282051,0.3689473684210526,-1.9383231184066299,-1.8167496823099378,1,0.8125,0.34862080425390496,-2.103165233150462,-2.258888330186906,1,0.8235294117647058,0.457843137254902,-1.984491579064975,-2.679889031240946,1,0.8125,0.45333333333333337,-3.197197235570276,-3.1350957488237867,1,0.6305147058823529,0.36285266457680254,-6.989844626777768,-4.529592287473251,1,0.7712418300653594,0.4810350369656059,-2.6598621727869185,-3.071737656801736,1,0.8161764705882353,0.4466409514625522,-2.949028979708983,-2.8279891416375844,1,0.8235294117647058,0.4521311475409836,-3.2159828762313807,-3.1914908157708046,1
1,0.7352941176470589,0.4837155201063476,-1.4956501057632314,-1.9687369634159748,1,0.6944444444444444,0.4897058823529412,-1.732514041371814,-1.9939951442678234,1,0.9551282051282051,0.3689473684210526,-1.9383231184066299,-1.8167496823099378,1,0.8125,0.34862080425390496,-2.103165233150462,-2.258888330186906,1,0.8235294117647058,0.457843137254902,-1.984491579064975,-2.679889031240946,1,0.8125,0.45333333333333337,-3.197197235570276,-3.1350957488237867,1,0.6305147058823529,0.36285266457680254,-6.989844626777768,-4.529592287473251,1,0.7712418300653594,0.4810350369656059,-2.6598621727869185,-3.071737656801736,1,0.8161764705882353,0.4466409514625522,-2.949028979708983,-2.8279891416375844,1,0.8235294117647058,0.4521311475409836,-3.2159828762313807,-3.1914908157708046,1,0.7941176470588236,0.450327868852459,-2.9690055986832093,-3.1676655094238937,1
1,0.6944444444444444,0.4897058823529412,-1.732514041371814,-1.9939951442678234,1,0.9551282051282051,0.3689473684210526,-1.9383231184066299,-1.8167496823099378,1,0.8125,0.34862080425390496,-2.103165233150462,-2.258888330186906,1,0.8235294117647058,0.457843137254902,-1.984491579064975,-2.679889031240946,1,0.8125,0.45333333333333337,-3.197197235570276,-3.1350957488237867,1,0.6305147058823529,0.36285266457680254,-6.989844626777768,-4.529592287473251,1,0.7712418300653594,0.4810350369656059,-2.6598621727869185,-3.071737656801736,1,0.8161764705882353,0.4466409514625522,-2.949028979708983,-2.8279891416375844,1,0.8235294117647058,0.4521311475409836,-3.2159828762313807,-3.1914908157708046,1,0.7941176470588236,0.450327868852459,-2.9690055986832093,-3.1676655094238937,1,0.75,0.420327868852459,-3.1049191005669545,-3.2285094455627363,1
1,0.9551282051282051,0.3689473684210526,-1.9383231184066299,-1.8167496823099378,1,0.8125,0.34862080425390496,-2.103165233150462,-2.258888330186906,1,0.8235294117647058,0.457843137254902,-1.984491579064975,-2.679889031240946,1,0.8125,0.45333333333333337,-3.197197235570276,-3.1350957488237867,1,0.6305147058823529,0.36285266457680254,-6.989844626777768,-4.529592287473251,1,0.7712418300653594,0.4810350369656059,-2.6598621727869185,-3.071737656801736,1,0.8161764705882353,0.4466409514625522,-2.949028979708983,-2.8279891416375844,1,0.8235294117647058,0.4521311475409836,-3.2159828762313807,-3.1914908157708046,1,0.7941176470588236,0.450327868852459,-2.9690055986832093,-3.1676655094238937,1,0.75,0.420327868852459,-3.1049191005669545,-3.2285094455627363,1,0.8125,0.43133863714977516,-3.0120075586015154,-3.1422830002657234,1
1,0.8125,0.34862080425390496,-2.103165233150462,-2.258888330186906,1,0.8235294117647058,0.457843137254902,-1.984491579064975,-2.679889031240946,1,0.8125,0.45333333333333337,-3.197197235570276,-3.1350957488237867,1,0.6305147058823529,0.36285266457680254,-6.989844626777768,-4.529592287473251,1,0.7712418300653594,0.4810350369656059,-2.6598621727869185,-3.071737656801736,1,0.8161764705882353,0.4466409514625522,-2.949028979708983,-2.8279891416375844,1,0.8235294117647058,0.4521311475409836,-3.2159828762313807,-3.1914908157708046,1,0.7941176470588236,0.450327868852459,-2.9690055986832093,-3.1676655094238937,1,0.75,0.420327868852459,-3.1049191005669545,-3.2285094455627363,1,0.8125,0.43133863714977516,-3.0120075586015154,-3.1422830002657234,1,0.8041666666666667,0.44166666666666665,-3.0113466577445838,-3.043232287799802,1
1,0.8235294117647058,0.457843137254902,-1.984491579064975,-2.679889031240946,1,0.8125,0.45333333333333337,-3.197197235570276,-3.1350957488237867,1,0.6305147058823529,0.36285266457680254,-6.989844626777768,-4.529592287473251,1,0.7712418300653594,0.4810350369656059,-2.6598621727869185,-3.071737656801736,1,0.8161764705882353,0.4466409514625522,-2.949028979708983,-2.8279891416375844,1,0.8235294117647058,0.4521311475409836,-3.2159828762313807,-3.1914908157708046,1,0.7941176470588236,0.450327868852459,-2.9690055986832093,-3.1676655094238937,1,0.75,0.420327868852459,-3.1049191005669545,-3.2285094455627363,1,0.8125,0.43133863714977516,-3.0120075586015154,-3.1422830002657234,1,0.8041666666666667,0.44166666666666665,-3.0113466577445838,-3.043232287799802,1,0.6770833333333333,0.558213449314152,-2.938478554422463,-3.1029312722128206,1
1,0.8125,0.45333333333333337,-3.197197235570276,-3.1350957488237867,1,0.6305147058823529,0.36285266457680254,-6.989844626777768,-4.529592287473251,1,0.7712418300653594,0.4810350369656059,-2.6598621727869185,-3.071737656801736,1,0.8161764705882353,0.4466409514625522,-2.949028979708983,-2.8279891416375844,1,0.8235294117647058,0.4521311475409836,-3.2159828762313807,-3.1914908157708046,1,0.7941176470588236,0.450327868852459,-2.9690055986832093,-3.1676655094238937,1,0.75,0.420327868852459,-3.1049191005669545,-3.2285094455627363,1,0.8125,0.43133863714977516,-3.0120075586015154,-3.1422830002657234,1,0.8041666666666667,0.44166666666666665,-3.0113466577445838,-3.043232287799802,1,0.6770833333333333,0.558213449314152,-2.938478554422463,-3.1029312722128206,1,0.6966911764705883,0.5398126463700235,-2.8557639271444395,-3.1561362838360223,1
1,0.6305147058823529,0.36285266457680254,-6.989844626777768,-4.529592287473251,1,0.7712418300653594,0.4810350369656059,-2.6598621727869185,-3.071737656801736,1,0.8161764705882353,0.4466409514625522,-2.949028979708983,-2.8279891416375844,1,0.8235294117647058,0.4521311475409836,-3.2159828762313807,-3.1914908157708046,1,0.7941176470588236,0.450327868852459,-2.9690055986832093,-3.1676655094238937,1,0.75,0.420327868852459,-3.1049191005669545,-3.2285094455627363,1,0.8125,0.43133863714977516,-3.0120075586015154,-3.1422830002657234,1,0.8041666666666667,0.44166666666666665,-3.0113466577445838,-3.043232287799802,1,0.6770833333333333,0.558213449314152,-2.938478554422463,-3.1029312722128206,1,0.6966911764705883,0.5398126463700235,-2.8557639271444395,-3.1561362838360223,1,0.7647058823529411,0.5259016393442624,-2.696697908735791,-2.935726352836813,1
1,0.7712418300653594,0.4810350369656059,-2.6598621727869185,-3.071737656801736,1,0.8161764705882353,0.4466409514625522,-2.949028979708983,-2.8279891416375844,1,0.8235294117647058,0.4521311475409836,-3.2159828762313807,-3.1914908157708046,1,0.7941176470588236,0.450327868852459,-2.9690055986832093,-3.1676655094238937,1,0.75,0.420327868852459,-3.1049191005669545,-3.2285094455627363,1,0.8125,0.43133863714977516,-3.0120075586015154,-3.1422830002657234,1,0.8041666666666667,0.44166666666666665,-3.0113466577445838,-3.043232287799802,1,0.6770833333333333,0.558213449314152,-2.938478554422463,-3.1029312722128206,1,0.6966911764705883,0.5398126463700235,-2.8557639271444395,-3.1561362838360223,1,0.7647058823529411,0.5259016393442624,-2.696697908735791,-2.935726352836813,1,0.71875,0.5216666666666667,-2.4980399524159904,-3.0150317306432433,1
1,0.8161764705882353,0.4466409514625522,-2.949028979708983,-2.8279891416375844,1,0.8235294117647058,0.4521311475409836,-3.2159828762313807,-3.1914908157708046,1,0.7941176470588236,0.450327868852459,-2.9690055986832093,-3.1676655094238937,1,0.75,0.420327868852459,-3.1049191005669545,-3.2285094455627363,1,0.8125,0.43133863714977516,-3.0120075586015154,-3.1422830002657234,1,0.8041666666666667,0.44166666666666665,-3.0113466577445838,-3.043232287799802,1,0.6770833333333333,0.558213449314152,-2.938478554422463,-3.1029312722128206,1,0.6966911764705883,0.5398126463700235,-2.8557639271444395,-3.1561362838360223,1,0.7647058823529411,0.5259016393442624,-2.696697908735791,-2.935726352836813,1,0.71875,0.5216666666666667,-2.4980399524159904,-3.0150317306432433,1,0.78125,0.4395833333333333,-2.7093020925731737,-3.007332921122392,1
1,0.8235294117647058,0.4521311475409836,-3.2159828762313807,-3.1914908157708046,1,0.7941176470588236,0.450327868852459,-2.9690055986832093,-3.1676655094238937,1,0.75,0.420327868852459,-3.1049191005669545,-3.2285094455627363,1,0.8125,0.43133863714977516,-3.0120075586015154,-3.1422830002657234,1,0.8041666666666667,0.44166666666666665,-3.0113466577445838,-3.043232287799802,1,0.6770833333333333,0.558213449314152,-2.938478554422463,-3.1029312722128206,1,0.6966911764705883,0.5398126463700235,-2.8557639271444395,-3.1561362838360223,1,0.7647058823529411,0.5259016393442624,-2.696697908735791,-2.935726352836813,1,0.71875,0.5216666666666667,-2.4980399524159904,-3.0150317306432433,1,0.78125,0.4395833333333333,-2.7093020925731737,-3.007332921122392,1,0.7352941176470589,0.4965686274509804,-2.6374351605844026,-2.523917898389092,1
1,0.7941176470588236,0.450327868852459,-2.9690055986832093,-3.1676655094238937,1,0.75,0.420327868852459,-3.1049191005669545,-3.2285094455627363,1,0.8125,0.43133863714977516,-3.0120075586015154,-3.1422830002657234,1,0.8041666666666667,0.44166666666666665,-3.0113466577445838,-3.043232287799802,1,0.6770833333333333,0.558213449314152,-2.938478554422463,-3.1029312722128206,1,0.6966911764705883,0.5398126463700235,-2.8557639271444395,-3.1561362838360223,1,0.7647058823529411,0.5259016393442624,-2.696697908735791,-2.935726352836813,1,0.71875,0.5216666666666667,-2.4980399524159904,-3.0150317306432433,1,0.78125,0.4395833333333333,-2.7093020925731737,-3.007332921122392,1,0.7352941176470589,0.4965686274509804,-2.6374351605844026,-2.523917898389092,1,0.6944444444444444,0.5083543505674654,-2.450213330595122,-2.2543308338216117,1
1,0.75,0.420327868852459,-3.1049191005669545,-3.2285094455627363,1,0.8125,0.43133863714977516,-3.0120075586015154,-3.1422830002657234,1,0.8041666666666667,0.44166666666666665,-3.0113466577445838,-3.043232287799802,1,0.6770833333333333,0.558213449314152,-2.938478554422463,-3.1029312722128206,1,0.6966911764705883,0.5398126463700235,-2.8557639271444395,-3.1561362838360223,1,0.7647058823529411,0.5259016393442624,-2.696697908735791,-2.935726352836813,1,0.71875,0.5216666666666667,-2.4980399524159904,-3.0150317306432433,1,0.78125,0.4395833333333333,-2.7093020925731737,-3.007332921122392,1,0.7352941176470589,0.4965686274509804,-2.6374351605844026,-2.523917898389092,1,0.6944444444444444,0.5083543505674654,-2.450213330595122,-2.2543308338216117,1,0.7352941176470589,0.49873896595208067,-2.619537898049527,-2.4117265032078143,1
1,0.8125,0.43133863714977516,-3.0120075586015154,-3.1422830002657234,1,0.8041666666666667,0.44166666666666665,-3.0113466577445838,-3.043232287799802,1,0.6770833333333333,0.558213449314152,-2.938478554422463,-3.1029312722128206,1,0.6966911764705883,0.5398126463700235,-2.8557639271444395,-3.1561362838360223,1,0.7647058823529411,0.5259016393442624,-2.696697908735791,-2.935726352836813,1,0.71875,0.5216666666666667,-2.4980399524159904,-3.0150317306432433,1,0.78125,0.4395833333333333,-2.7093020925731737,-3.007332921122392,1,0.7352941176470589,0.4965686274509804,-2.6374351605844026,-2.523917898389092,1,0.6944444444444444,0.5083543505674654,-2.450213330595122,-2.2543308338216117,1,0.7352941176470589,0.49873896595208067,-2.619537898049527,-2.4117265032078143,1,0.6666666666666666,0.5892181588902901,-2.4559133996930314,-2.217247329153296,1
1,0.8041666666666667,0.44166666666666665,-3.0113466577445838,-3.043232287799802,1,0.6770833333333333,0.558213449314152,-2.938478554422463,-3.1029312722128206,1,0.6966911764705883,0.5398126463700235,-2.8557639271444395,-3.1561362838360223,1,0.7647058823529411,0.5259016393442624,-2.696697908735791,-2.935726352836813,1,0.71875,0.5216666666666667,-2.4980399524159904,-3.0150317306432433,1,0.78125,0.4395833333333333,-2.7093020925731737,-3.007332921122392,1,0.7352941176470589,0.4965686274509804,-2.6374351605844026,-2.523917898389092,1,0.6944444444444444,0.5083543505674654,-2.450213330595122,-2.2543308338216117,1,0.7352941176470589,0.49873896595208067,-2.619537898049527,-2.4117265032078143,1,0.6666666666666666,0.5892181588902901,-2.4559133996930314,-2.217247329153296,1,0.6944444444444444,0.57140605296343,-2.5861831284707346,-2.3136162315381315,1
1,0.6770833333333333,0.558213449314152,-2.938478554422463,-3.1029312722128206,1,0.6966911764705883,0.5398126463700235,-2.8557639271444395,-3.1561362838360223,1,0.7647058823529411,0.5259016393442624,-2.696697908735791,-2.935726352836813,1,0.71875,0.5216666666666667,-2.4980399524159904,-3.0150317306432433,1,0.78125,0.4395833333333333,-2.7093020925731737,-3.007332921122392,1,0.7352941176470589,0.4965686274509804,-2.6374351605844026,-2.523917898389092,1,0.6944444444444444,0.5083543505674654,-2.450213330595122,-2.2543308338216117,1,0.7352941176470589,0.49873896595208067,-2.619537898049527,-2.4117265032078143,1,0.6666666666666666,0.5892181588902901,-2.4559133996930314,-2.217247329153296,1,0.6944444444444444,0.57140605296343,-2.5861831284707346,-2.3136162315381315,1,0.7352941176470589,0.4532304725168756,-2.340370754612907,-2.419704581317444,1
1,0.6966911764705883,0.5398126463700235,-2.8557639271444395,-3.1561362838360223,1,0.7647058823529411,0.5259016393442624,-2.696697908735791,-2.935726352836813,1,0.71875,0.5216666666666667,-2.4980399524159904,-3.0150317306432433,1,0.78125,0.4395833333333333,-2.7093020925731737,-3.007332921122392,1,0.7352941176470589,0.4965686274509804,-2.6374351605844026,-2.523917898389092,1,0.6944444444444444,0.5083543505674654,-2.450213330595122,-2.2543308338216117,1,0.7352941176470589,0.49873896595208067,-2.619537898049527,-2.4117265032078143,1,0.6666666666666666,0.5892181588902901,-2.4559133996930314,-2.217247329153296,1,0.6944444444444444,0.57140605296343,-2.5861831284707346,-2.3136162315381315,1,0.7352941176470589,0.4532304725168756,-2.340370754612907,-2.419704581317444,1,0.7279411764705883,0.46176470588235297,-2.4734977231982054,-2.4843681931363104,1
1,0.7647058823529411,0.5259016393442624,-2.696697908735791,-2.935726352836813,1,0.71875,0.5216666666666667,-2.4980399524159904,-3.0150317306432433,1,0.78125,0.4395833333333333,-2.7093020925731737,-3.007332921122392,1,0.7352941176470589,0.4965686274509804,-2.6374351605844026,-2.523917898389092,1,0.6944444444444444,0.5083543505674654,-2.450213330595122,-2.2543308338216117,1,0.7352941176470589,0.49873896595208067,-2.619537898049527,-2.4117265032078143,1,0.6666666666666666,0.5892181588902901,-2.4559133996930314,-2.217247329153296,1,0.6944444444444444,0.57140605296343,-2.5861831284707346,-2.3136162315381315,1,0.7352941176470589,0.4532304725168756,-2.340370754612907,-2.419704581317444,1,0.7279411764705883,0.46176470588235297,-2.4734977231982054,-2.4843681931363104,1,0.6764705882352942,0.49333333333333335,-2.7605887649712533,-2.5865420868805593,1
1,0.71875,0.5216666666666667,-2.4980399524159904,-3.0150317306432433,1,0.78125,0.4395833333333333,-2.7093020925731737,-3.007332921122392,1,0.7352941176470589,0.4965686274509804,-2.6374351605844026,-2.523917898389092,1,0.6944444444444444,0.5083543505674654,-2.450213330595122,-2.2543308338216117,1,0.7352941176470589,0.49873896595208067,-2.619537898049527,-2.4117265032078143,1,0.6666666666666666,0.5892181588902901,-2.4559133996930314,-2.217247329153296,1,0.6944444444444444,0.57140605296343,-2.5861831284707346,-2.3136162315381315,1,0.7352941176470589,0.4532304725168756,-2.340370754612907,-2.419704581317444,1,0.7279411764705883,0.46176470588235297,-2.4734977231982054,-2.4843681931363104,1,0.6764705882352942,0.49333333333333335,-2.7605887649712533,-2.5865420868805593,1,0.7745098039215685,0.558953341740227,-2.70286361296189,-2.349105623998719,1
1,0.78125,0.4395833333333333,-2.7093020925731737,-3.007332921122392,1,0.7352941176470589,0.4965686274509804,-2.6374351605844026,-2.523917898389092,1,0.6944444444444444,0.5083543505674654,-2.450213330595122,-2.2543308338216117,1,0.7352941176470589,0.49873896595208067,-2.619537898049527,-2.4117265032078143,1,0.6666666666666666,0.5892181588902901,-2.4559133996930314,-2.217247329153296,1,0.6944444444444444,0.57140605296343,-2.5861831284707346,-2.3136162315381315,1,0.7352941176470589,0.4532304725168756,-2.340370754612907,-2.419704581317444,1,0.7279411764705883,0.46176470588235297,-2.4734977231982054,-2.4843681931363104,1,0.6764705882352942,0.49333333333333335,-2.7605887649712533,-2.5865420868805593,1,0.7745098039215685,0.558953341740227,-2.70286361296189,-2.349105623998719,1,0.6769005847953216,0.5924140147862423,-2.4721204782279713,-2.4974500833546207,1
1,0.7352941176470589,0.4965686274509804,-2.6374351605844026,-2.523917898389092,1,0.6944444444444444,0.5083543505674654,-2.450213330595122,-2.2543308338216117,1,0.7352941176470589,0.49873896595208067,-2.619537898049527,-2.4117265032078143,1,0.6666666666666666,0.5892181588902901,-2.4559133996930314,-2.217247329153296,1,0.6944444444444444,0.57140605296343,-2.5861831284707346,-2.3136162315381315,1,0.7352941176470589,0.4532304725168756,-2.340370754612907,-2.419704581317444,1,0.7279411764705883,0.46176470588235297,-2.4734977231982054,-2.4843681931363104,1,0.6764705882352942,0.49333333333333335,-2.7605887649712533,-2.5865420868805593,1,0.7745098039215685,0.558953341740227,-2.70286361296189,-2.349105623998719,1,0.6769005847953216,0.5924140147862423,-2.4721204782279713,-2.4974500833546207,1,0.7745098039215685,0.5678238508518161,-1.940420406356473,-2.4739469989836,1
1,0.6944444444444444,0.5083543505674654,-2.450213330595122,-2.2543308338216117,1,0.7352941176470589,0.49873896595208067,-2.619537898049527,-2.4117265032078143,1,0.6666666666666666,0.5892181588902901,-2.4559133996930314,-2.217247329153296,1,0.6944444444444444,0.57140605296343,-2.5861831284707346,-2.3136162315381315,1,0.7352941176470589,0.4532304725168756,-2.340370754612907,-2.419704581317444,1,0.7279411764705883,0.46176470588235297,-2.4734977231982054,-2.4843681931363104,1,0.6764705882352942,0.49333333333333335,-2.7605887649712533,-2.5865420868805593,1,0.7745098039215685,0.558953341740227,-2.70286361296189,-2.349105623998719,1,0.6769005847953216,0.5924140147862423,-2.4721204782279713,-2.4974500833546207,1,0.7745098039215685,0.5678238508518161,-1.940420406356473,-2.4739469989836,1,0.7941176470588236,0.55359394703657,-1.5639461864916235,-2.3128186478228248,1
1,0.7352941176470589,0.49873896595208067,-2.619537898049527,-2.4117265032078143,1,0.6666666666666666,0.5892181588902901,-2.4559133996930314,-2.217247329153296,1,0.6944444444444444,0.57140605296343,-2.5861831284707346,-2.3136162315381315,1,0.7352941176470589,0.4532304725168756,-2.340370754612907,-2.419704581317444,1,0.7279411764705883,0.46176470588235297,-2.4734977231982054,-2.4843681931363104,1,0.6764705882352942,0.49333333333333335,-2.7605887649712533,-2.5865420868805593,1,0.7745098039215685,0.558953341740227,-2.70286361296189,-2.349105623998719,1,0.6769005847953216,0.5924140147862423,-2.4721204782279713,-2.4974500833546207,1,0.7745098039215685,0.5678238508518161,-1.940420406356473,-2.4739469989836,1,0.7941176470588236,0.55359394703657,-1.5639461864916235,-2.3128186478228248,1,0.75,0.6450031625553447,-1.9197979063519346,-2.454686545968627,1
1,0.6666666666666666,0.5892181588902901,-2.4559133996930314,-2.217247329153296,1,0.6944444444444444,0.57140605296343,-2.5861831284707346,-2.3136162315381315,1,0.7352941176470589,0.4532304725168756,-2.340370754612907,-2.419704581317444,1,0.7279411764705883,0.46176470588235297,-2.4734977231982054,-2.4843681931363104,1,0.6764705882352942,0.49333333333333335,-2.7605887649712533,-2.5865420868805593,1,0.7745098039215685,0.558953341740227,-2.70286361296189,-2.349105623998719,1,0.6769005847953216,0.5924140147862423,-2.4721204782279713,-2.4974500833546207,1,0.7745098039215685,0.5678238508518161,-1.940420406356473,-2.4739469989836,1,0.7941176470588236,0.55359394703657,-1.5639461864916235,-2.3128186478228248,1,0.75,0.6450031625553447,-1.9197979063519346,-2.454686545968627,1,0.75,0.6512375441980071,-1.942915487762823,-2.502684181950356,1
1,0.6944444444444444,0.57140605296343,-2.5861831284707346,-2.3136162315381315,1,0.7352941176470589,0.4532304725168756,-2.340370754612907,-2.419704581317444,1,0.7279411764705883,0.46176470588235297,-2.4734977231982054,-2.4843681931363104,1,0.6764705882352942,0.49333333333333335,-2.7605887649712533,-2.5865420868805593,1,0.7745098039215685,0.558953341740227,-2.70286361296189,-2.349105623998719,1,0.6769005847953216,0.5924140147862423,-2.4721204782279713,-2.4974500833546207,1,0.7745098039215685,0.5678238508518161,-1.940420406356473,-2.4739469989836,1,0.7941176470588236,0.55359394703657,-1.5639461864916235,-2.3128186478228248,1,0.75,0.6450031625553447,-1.9197979063519346,-2.454686545968627,1,0.75,0.6512375441980071,-1.942915487762823,-2.502684181950356,1,0.7,0.4186274509803921,-2.249759675025392,-2.7758906401700494,1
1,0.7352941176470589,0.4532304725168756,-2.340370754612907,-2.419704581317444,1,0.7279411764705883,0.46176470588235297,-2.4734977231982054,-2.4843681931363104,1,0.6764705882352942,0.49333333333333335,-2.7605887649712533,-2.5865420868805593,1,0.7745098039215685,0.558953341740227,-2.70286361296189,-2.349105623998719,1,0.6769005847953216,0.5924140147862423,-2.4721204782279713,-2.4974500833546207,1,0.7745098039215685,0.5678238508518161,-1.940420406356473,-2.4739469989836,1,0.7941176470588236,0.55359394703657,-1.5639461864916235,-2.3128186478228248,1,0.75,0.6450031625553447,-1.9197979063519346,-2.454686545968627,1,0.75,0.6512375441980071,-1.942915487762823,-2.502684181950356,1,0.7,0.4186274509803921,-2.249759675025392,-2.7758906401700494,1,0.719047619047619,0.3772108843537415,-3.049429182686029,-3.035198976569232,1
1,0.7279411764705883,0.46176470588235297,-2.4734977231982054,-2.4843681931363104,1,0.6764705882352942,0.49333333333333335,-2.7605887649712533,-2.5865420868805593,1,0.7745098039215685,0.558953341740227,-2.70286361296189,-2.349105623998719,1,0.6769005847953216,0.5924140147862423,-2.4721204782279713,-2.4974500833546207,1,0.7745098039215685,0.5678238508518161,-1.940420406356473,-2.4739469989836,1,0.7941176470588236,0.55359394703657,-1.5639461864916235,-2.3128186478228248,1,0.75,0.6450031625553447,-1.9197979063519346,-2.454686545968627,1,0.75,0.6512375441980071,-1.942915487762823,-2.502684181950356,1,0.7,0.4186274509803921,-2.249759675025392,-2.7758906401700494,1,0.719047619047619,0.3772108843537415,-3.049429182686029,-3.035198976569232,1,0.7058823529411765,0.5564127290260367,-2.9013293358162966,-2.6530018008990046,1
1,0.6764705882352942,0.49333333333333335,-2.7605887649712533,-2.5865420868805593,1,0.7745098039215685,0.558953341740227,-2.70286361296189,-2.349105623998719,1,0.6769005847953216,0.5924140147862423,-2.4721204782279713,-2.4974500833546207,1,0.7745098039215685,0.5678238508518161,-1.940420406356473,-2.4739469989836,1,0.7941176470588236,0.55359394703657,-1.5639461864916235,-2.3128186478228248,1,0.75,0.6450031625553447,-1.9197979063519346,-2.454686545968627,1,0.75,0.6512375441980071,-1.942915487762823,-2.502684181950356,1,0.7,0.4186274509803921,-2.249759675025392,-2.7758906401700494,1,0.719047619047619,0.3772108843537415,-3.049429182686029,-3.035198976569232,1,0.7058823529411765,0.5564127290260367,-2.9013293358162966,-2.6530018008990046,1,0.7307692307692308,0.6113207547169811,-2.3619652809430067,-1.5268935517924622,1
1,0.7745098039215685,0.558953341740227,-2.70286361296189,-2.349105623998719,1,0.6769005847953216,0.5924140147862423,-2.4721204782279713,-2.4974500833546207,1,0.7745098039215685,0.5678238508518161,-1.940420406356473,-2.4739469989836,1,0.7941176470588236,0.55359394703657,-1.5639461864916235,-2.3128186478228248,1,0.75,0.6450031625553447,-1.9197979063519346,-2.454686545968627,1,0.75,0.6512375441980071,-1.942915487762823,-2.502684181950356,1,0.7,0.4186274509803921,-2.249759675025392,-2.7758906401700494,1,0.719047619047619,0.3772108843537415,-3.049429182686029,-3.035198976569232,1,0.7058823529411765,0.5564127290260367,-2.9013293358162966,-2.6530018008990046,1,0.7307692307692308,0.6113207547169811,-2.3619652809430067,-1.5268935517924622,1,0.8333333333333333,0.5058122205663189,-0.8634294199701432,-0.8763495688484947,0
1,0.6769005847953216,0.5924140147862423,-2.4721204782279713,-2.4974500833546207,1,0.7745098039215685,0.5678238508518161,-1.940420406356473,-2.4739469989836,1,0.7941176470588236,0.55359394703657,-1.5639461864916235,-2.3128186478228248,1,0.75,0.6450031625553447,-1.9197979063519346,-2.454686545968627,1,0.75,0.6512375441980071,-1.942915487762823,-2.502684181950356,1,0.7,0.4186274509803921,-2.249759675025392,-2.7758906401700494,1,0.719047619047619,0.3772108843537415,-3.049429182686029,-3.035198976569232,1,0.7058823529411765,0.5564127290260367,-2.9013293358162966,-2.6530018008990046,1,0.7307692307692308,0.6113207547169811,-2.3619652809430067,-1.5268935517924622,1,0.8333333333333333,0.5058122205663189,-0.8634294199701432,-0.8763495688484947,1,0.675,0.5808702791461413,1.1448041789274774,-0.7651731995494435,0
1,0.7745098039215685,0.5678238508518161,-1.940420406356473,-2.4739469989836,1,0.7941176470588236,0.55359394703657,-1.5639461864916235,-2.3128186478228248,1,0.75,0.6450031625553447,-1.9197979063519346,-2.454686545968627,1,0.75,0.6512375441980071,-1.942915487762823,-2.502684181950356,1,0.7,0.4186274509803921,-2.249759675025392,-2.7758906401700494,1,0.719047619047619,0.3772108843537415,-3.049429182686029,-3.035198976569232,1,0.7058823529411765,0.5564127290260367,-2.9013293358162966,-2.6530018008990046,1,0.7307692307692308,0.6113207547169811,-2.3619652809430067,-1.5268935517924622,1,0.8333333333333333,0.5058122205663189,-0.8634294199701432,-0.8763495688484947,1,0.675,0.5808702791461413,1.1448041789274774,-0.7651731995494435,1,0.6590909090909091,0.5544226694915254,1.1982002935218603,-0.8576479528779435,0
1,0.7941176470588236,0.55359394703657,-1.5639461864916235,-2.3128186478228248,1,0.75,0.6450031625553447,-1.9197979063519346,-2.454686545968627,1,0.75,0.6512375441980071,-1.942915487762823,-2.502684181950356,1,0.7,0.4186274509803921,-2.249759675025392,-2.7758906401700494,1,0.719047619047619,0.3772108843537415,-3.049429182686029,-3.035198976569232,1,0.7058823529411765,0.5564127290260367,-2.9013293358162966,-2.6530018008990046,1,0.7307692307692308,0.6113207547169811,-2.3619652809430067,-1.5268935517924622,1,0.8333333333333333,0.5058122205663189,-0.8634294199701432,-0.8763495688484947,1,0.675,0.5808702791461413,1.1448041789274774,-0.7651731995494435,1,0.6590909090909091,0.5544226694915254,1.1982002935218603,-0.8576479528779435,1,0.7421052631578948,0.453125,0.9061874542627811,-1.396252120330207,0
1,0.75,0.6450031625553447,-1.9197979063519346,-2.454686545968627,1,0.75,0.6512375441980071,-1.942915487762823,-2.502684181950356,1,0.7,0.4186274509803921,-2.249759675025392,-2.7758906401700494,1,0.719047619047619,0.3772108843537415,-3.049429182686029,-3.035198976569232,1,0.7058823529411765,0.5564127290260367,-2.9013293358162966,-2.6530018008990046,1,0.7307692307692308,0.6113207547169811,-2.3619652809430067,-1.5268935517924622,1,0.8333333333333333,0.5058122205663189,-0.8634294199701432,-0.8763495688484947,1,0.675,0.5808702791461413,1.1448041789274774,-0.7651731995494435,1,0.6590909090909091,0.5544226694915254,1.1982002935218603,-0.8576479528779435,1,0.7421052631578948,0.453125,0.9061874542627811,-1.396252120330207,1,0.6921052631578948,0.5466101694915254,0.9695494571325755,-1.2343808693740905,0
1,0.75,0.6512375441980071,-1.942915487762823,-2.502684181950356,1,0.7,0.4186274509803921,-2.249759675025392,-2.7758906401700494,1,0.719047619047619,0.3772108843537415,-3.049429182686029,-3.035198976569232,1,0.7058823529411765,0.5564127290260367,-2.9013293358162966,-2.6530018008990046,1,0.7307692307692308,0.6113207547169811,-2.3619652809430067,-1.5268935517924622,1,0.8333333333333333,0.5058122205663189,-0.8634294199701432,-0.8763495688484947,1,0.675,0.5808702791461413,1.1448041789274774,-0.7651731995494435,1,0.6590909090909091,0.5544226694915254,1.1982002935218603,-0.8576479528779435,1,0.7421052631578948,0.453125,0.9061874542627811,-1.396252120330207,1,0.6921052631578948,0.5466101694915254,0.9695494571325755,-1.2343808693740905,1,0.6821428571428572,0.5431034482758621,1.1363028002348037,-0.8684851381217918,0
